Virus name	Accession ID	Collection date	Location	Host	Additional location information	Sampling strategy	Gender	Patient age	Patient status	Last vaccinated	Passage	Specimen	Additional host information	Lineage	Clade	AA Substitutions
hCoV-19/Ireland/KY-Enfer-080822008_G7/2022	EPI_ISL_14547668	2022-08-08	Europe / Ireland / Kerry	Human			Female	64	unknown		Original			BA.1	GRA	(N_G215C,N_R203M,NSP12_G671S,Spike_S494P,Spike_S373P,Spike_N969K,Spike_H655Y,Spike_G142D,Spike_Q954H,Spike_N501Y,Spike_G446D,NS3_T223I,NSP3_P1228L,NSP1_E102K,M_Q19E,Spike_N440K,NSP4_T492I,Spike_A243del,Spike_T19R,Spike_N460K,Spike_N764K,Spike_L212I,Spike_Y505H,Spike_V143D,NSP3_S176N,NSP3_P1469S,Spike_D796Y,Spike_T478K,NS3_K67R,NSP3_V325F,NSP6_T77A,M_A63T,NSP5_K90R,NSP1_S142P,Spike_S371F,N_D63G,NSP3_P778L,Spike_K417N,Spike_T376A,NSP12_A185V,Spike_L5F,NSP2_R107K,Spike_G339D,Spike_R158del,Spike_P681H,Spike_Y144del,NSP3_A488S,Spike_F157del,Spike_P25L,Spike_S375F,N_A125T,NSP14_A394V,NSP3_D1144N,NSP2_K81N,Spike_D405N,Spike_Q498R,N_D377Y,Spike_S477N,NSP13_P77L,Spike_L244del,Spike_E156G,N_G97S,Spike_N211del,NSP12_A382V,NSP3_A1570T,NSP6_V120M,Spike_E484A,E_T9I,NS8_D119del,NSP12_P323L,Spike_Y145del,Spike_D614G,NS8_F120del,NSP4_V167L,NSP8_A86V)
hCoV-19/Ireland/KE-NVRL-S22IRL00432640/2022	EPI_ISL_14774914	2022-08-14	Europe / Ireland / Kildare	Human			Female	41-50	unknown		Original	Oropharyngeal and Nasopharyngeal swab		BL.1	GRA	(NSP5_P132H,NSP12_G671S,NSP3_G489S,Spike_L24del,NSP4_T327I,Spike_S373P,Spike_N969K,Spike_H655Y,N_R203K,Spike_V213G,Spike_W152R,Spike_G142D,Spike_A27S,Spike_Q954H,N_P13L,Spike_N501Y,Spike_P25del,N_R32del,NS3_T223I,M_Q19E,Spike_N440K,NSP4_T492I,Spike_N460K,Spike_F157L,NSP3_S403L,Spike_K147E,Spike_N679K,Spike_N764K,E_T11A,NSP6_G107del,Spike_Y505H,Spike_D796Y,N_G204R,Spike_T478K,N_S413R,M_A63T,Spike_R346T,Spike_S371F,Spike_G257S,Spike_K417N,NSP13_R392C,Spike_T376A,NSP6_S106del,Spike_D574V,Spike_I210V,Spike_R408S,NSP4_L438F,Spike_G339H,NSP14_I42V,NSP4_L264F,Spike_P681H,NSP3_T24I,N_S33del,NSP1_S135R,Spike_S375F,Spike_D405N,Spike_Q498R,Spike_G446S,Spike_S477N,N_E31del,NSP15_T112I,NSP6_F108del,Spike_E484A,E_T9I,Spike_P26del,NSP12_P323L,Spike_D614G,NSP8_N118S,NSP3_P822S)
hCoV-19/Ireland/D-NVRL-S22IRL00435321/2022	EPI_ISL_14793125	2022-08-21	Europe / Ireland / Dublin	Human			Female	71-80	unknown		Original	Oropharyngeal and Nasopharyngeal swab		BA.2.75.1	GRA	(NSP5_P132H,NSP12_G671S,NSP3_G489S,Spike_L24del,NSP4_T327I,Spike_S373P,Spike_N969K,Spike_H655Y,N_R203K,Spike_V213G,Spike_W152R,Spike_G142D,NSP8_A18S,Spike_A27S,Spike_Q954H,N_P13L,Spike_N501Y,Spike_P25del,N_R32del,NS3_T223I,M_Q19E,Spike_N440K,NSP4_T492I,Spike_N460K,Spike_F157L,NSP3_S403L,Spike_K147E,Spike_N679K,Spike_N764K,E_T11A,NSP6_G107del,Spike_Y505H,Spike_D796Y,N_G204R,Spike_T478K,N_S413R,M_A63T,Spike_S371F,Spike_G257S,Spike_K417N,NSP13_R392C,Spike_T376A,NSP6_S106del,Spike_D574V,Spike_I210V,Spike_R408S,NSP4_L438F,Spike_G339H,NSP14_I42V,NSP4_L264F,Spike_P681H,NSP3_T24I,N_S33del,NSP1_S135R,Spike_S375F,Spike_D405N,Spike_Q498R,Spike_G446S,Spike_S477N,Spike_H49Y,N_E31del,NSP15_T112I,NSP6_F108del,Spike_E484A,E_T9I,Spike_P26del,NSP12_P323L,Spike_D614G,NSP8_N118S,NSP3_P822S)
hCoV-19/Ireland/D-NVRL-G22IRL44519/2022	EPI_ISL_14793134	2022-08-02	Europe / Ireland / Dublin	Human			Female	85+	unknown		Original	Oropharyngeal and Nasopharyngeal swab		BA.2.12.1	GRA	(NSP5_P132H,NSP3_G489S,Spike_L24del,NSP4_T327I,Spike_S373P,Spike_Q493R,Spike_N969K,Spike_H655Y,N_R203K,Spike_V213G,Spike_G142D,Spike_A27S,Spike_Q954H,N_P13L,Spike_N501Y,Spike_P25del,N_R32del,NS3_T223I,M_Q19E,Spike_N440K,NSP4_T492I,Spike_N679K,Spike_N764K,NSP6_G107del,Spike_Y505H,NS3_T12I,Spike_D796Y,N_G204R,Spike_T478K,N_S413R,M_A63T,Spike_S940F,Spike_S371F,Spike_K417N,NSP13_R392C,Spike_T376A,NSP6_S106del,Spike_G339D,Spike_R408S,NSP4_L438F,NSP14_I42V,NSP4_L264F,Spike_P681H,NSP3_T24I,N_S33del,NSP1_S135R,Spike_S375F,Spike_D405N,Spike_Q498R,Spike_S477N,N_E31del,NSP15_T112I,NSP6_F108del,Spike_E484A,E_T9I,Spike_P26del,NSP12_P323L,Spike_S704L,Spike_D614G,Spike_L452Q,NSP3_A534V)
hCoV-19/Ireland/D-NVRL-S22IRL00433380/2022	EPI_ISL_14813636	2022-08-16	Europe / Ireland / Dublin	Human			Female	51-60	unknown		Original	Oropharyngeal and Nasopharyngeal swab		BA.2.75 (marker override based on Emerging Variants AA substitutions)	GRA	(NSP5_P132H,NSP12_G671S,NSP3_G489S,Spike_L24del,NSP4_T327I,Spike_S373P,Spike_N969K,Spike_H655Y,N_R203K,Spike_V213G,Spike_W152R,Spike_G142D,Spike_A27S,Spike_Q954H,N_P13L,Spike_N501Y,Spike_P25del,N_R32del,NS3_T223I,M_Q19E,Spike_N440K,NSP4_T492I,Spike_N460K,Spike_F157L,NSP4_V192M,NSP3_S403L,Spike_K147E,Spike_N679K,Spike_N764K,E_T11A,NSP6_G107del,Spike_Y505H,Spike_D796Y,N_G204R,Spike_T478K,N_S413R,M_A63T,Spike_S371F,Spike_G257S,Spike_K417N,NSP13_R392C,Spike_T376A,NSP6_S106del,Spike_I210V,Spike_K356T,Spike_R408S,NSP4_L438F,Spike_G339H,NSP14_I42V,NSP4_L264F,Spike_P681H,NSP3_T24I,N_S33del,NSP1_S135R,Spike_S375F,Spike_D405N,Spike_Q498R,Spike_G446S,Spike_S477N,N_E31del,NSP15_T112I,NSP6_F108del,Spike_E484A,E_T9I,Spike_P26del,NSP12_P323L,Spike_D614G,NSP8_N118S,NSP3_P822S)
hCoV-19/Ireland/CN-NVRL-S22IRL00435414/2022	EPI_ISL_14861171	2022-08-22	Europe / Ireland / Cavan	Human			Female	61-70	unknown		Original	Oropharyngeal and nasopharyngeal swab		BA.2.75 (marker override based on Emerging Variants AA substitutions)	GRA	(NSP5_P132H,NSP12_G671S,NSP3_G489S,Spike_L24del,NSP4_T327I,Spike_S373P,Spike_N969K,Spike_H655Y,N_R203K,Spike_V213G,Spike_W152R,Spike_G142D,Spike_A27S,Spike_Q954H,N_P13L,Spike_N501Y,Spike_P25del,N_R32del,NS3_T223I,M_Q19E,NS8_H28Y,Spike_N440K,NSP4_T492I,Spike_N460K,Spike_F157L,NSP3_S403L,Spike_K147E,Spike_N679K,Spike_N764K,E_T11A,NSP6_G107del,Spike_Y505H,Spike_D796Y,N_G204R,Spike_T478K,N_S413R,M_A63T,Spike_S371F,Spike_G257S,Spike_K417N,NSP13_R392C,Spike_T376A,NSP6_S106del,Spike_I210V,Spike_R408S,NSP4_L438F,Spike_G339H,NSP14_I42V,NSP4_L264F,Spike_P681H,NSP2_E309K,NSP3_T24I,N_S33del,NSP1_S135R,Spike_S375F,Spike_D405N,Spike_Q498R,Spike_G446S,Spike_S477N,N_E31del,NSP15_T112I,NSP6_F108del,Spike_E484A,E_T9I,Spike_P26del,NSP12_P323L,Spike_D614G,Spike_L452R,NSP8_N118S,NSP3_P822S)
hCoV-19/Ireland/CE-NVRL-S22IRL00435571/2022	EPI_ISL_14861177	2022-08-22	Europe / Ireland / Clare	Human			Female	31-40	unknown		Original	Oropharyngeal and nasopharyngeal swab		BA.2.12.1	GRA	(NSP5_P132H,NSP3_G489S,Spike_L24del,NSP4_T327I,Spike_S373P,Spike_Q493R,Spike_N969K,Spike_H655Y,N_R203K,Spike_V213G,Spike_G142D,Spike_A27S,Spike_Q954H,N_P13L,Spike_N501Y,Spike_P25del,N_R32del,NS3_T223I,M_Q19E,Spike_N440K,NSP4_T492I,Spike_N679K,Spike_N764K,NSP6_G107del,Spike_Y505H,Spike_D796Y,N_G204R,Spike_T478K,N_S413R,M_A63T,NSP5_K88R,Spike_S371F,Spike_K417N,NSP13_R392C,Spike_T376A,NSP6_S106del,Spike_G339D,Spike_R408S,NSP4_L438F,NSP14_I42V,NSP4_L264F,Spike_P681H,NSP3_T24I,N_S33del,NSP1_S135R,Spike_S375F,Spike_D405N,Spike_Q498R,Spike_S477N,N_E31del,NSP15_T112I,NSP6_F108del,NSP5_T93I,Spike_E484A,E_T9I,Spike_P26del,NSP12_P323L,Spike_S704L,Spike_D614G,Spike_L452Q)
hCoV-19/Ireland/D-NVRL-S22IRL00434003/2022	EPI_ISL_14861266	2022-08-17	Europe / Ireland / Dublin	Human			Male	31-40	unknown		Original	Oropharyngeal and nasopharyngeal swab		BA.2.75.2	GRA	(NSP5_P132H,NSP12_G671S,NSP3_G489S,Spike_L24del,NSP4_T327I,Spike_S373P,Spike_N969K,Spike_H655Y,N_R203K,Spike_V213G,Spike_W152R,Spike_G142D,Spike_A27S,Spike_Q954H,N_P13L,Spike_N501Y,Spike_P25del,N_R32del,NS3_T223I,M_Q19E,Spike_N440K,NSP4_T492I,Spike_N460K,Spike_F157L,NSP3_S403L,Spike_K147E,Spike_N679K,Spike_N764K,E_T11A,NSP6_G107del,Spike_Y505H,Spike_D796Y,N_G204R,Spike_T478K,N_S413R,M_A63T,Spike_D1199N,Spike_R346T,Spike_S371F,Spike_G257S,Spike_K417N,NSP13_R392C,Spike_T376A,NSP6_S106del,Spike_I210V,Spike_R408S,NSP4_L438F,Spike_F486S,Spike_G339H,NSP14_I42V,NSP4_L264F,Spike_P681H,NSP3_T24I,N_S33del,NSP1_S135R,Spike_S375F,Spike_D405N,Spike_Q498R,Spike_G446S,NS3_S166L,Spike_S477N,N_E31del,NSP15_T112I,NSP6_F108del,Spike_E484A,E_T9I,Spike_P26del,NSP12_P323L,Spike_D614G,Spike_G482R,NSP8_N118S,NSP3_P822S)
hCoV-19/Ireland/G-NVRL-S22IRL00432787/2022	EPI_ISL_14861291	2022-08-15	Europe / Ireland / Galway	Human			Female	41-50	unknown		Original	Oropharyngeal and nasopharyngeal swab		BA.2.12.1	GRA	(NSP5_P132H,NSP3_G489S,Spike_L24del,NSP4_T327I,Spike_S373P,Spike_Q493R,Spike_N969K,Spike_H655Y,N_R203K,Spike_V213G,Spike_G142D,Spike_A27S,Spike_Q954H,N_P13L,Spike_N501Y,Spike_P25del,N_R32del,NS3_T223I,M_Q19E,Spike_N440K,NSP4_T492I,Spike_N679K,Spike_N764K,NSP6_G107del,Spike_Y505H,Spike_D796Y,N_G204R,Spike_T478K,N_S413R,M_A63T,Spike_S371F,Spike_K417N,NSP13_R392C,Spike_T376A,NSP6_S106del,Spike_G339D,Spike_R408S,NSP4_L438F,NSP14_I42V,NSP4_L264F,Spike_P681H,NSP3_T24I,N_S33del,NSP1_S135R,Spike_S375F,Spike_D405N,Spike_Q498R,Spike_S477N,N_E31del,NSP15_T112I,NSP6_F108del,NSP5_T93I,Spike_E484A,E_T9I,Spike_P26del,NSP12_P323L,Spike_S704L,Spike_D614G,Spike_L452Q)
hCoV-19/Ireland/TA-NVRL-S22IRL00434631/2022	EPI_ISL_14861402	2022-08-19	Europe / Ireland / Tipperary	Human			Male	21-30	unknown		Original	Oropharyngeal and nasopharyngeal swab		BA.2.75.1	GRA	(NSP5_P132H,NSP12_G671S,NSP3_G489S,Spike_L24del,NSP4_T327I,Spike_S373P,Spike_N969K,Spike_H655Y,N_R203K,Spike_V213G,Spike_W152R,Spike_G142D,Spike_A27S,Spike_Q954H,N_P13L,Spike_N501Y,Spike_P25del,N_R32del,NS3_T223I,M_Q19E,Spike_N440K,NSP4_T492I,Spike_N460K,Spike_F157L,Spike_R78K,NSP3_S403L,Spike_K147E,Spike_N679K,Spike_N764K,E_T11A,NSP6_G107del,Spike_Y505H,Spike_D796Y,N_G204R,Spike_T478K,N_S413R,M_A63T,Spike_S371F,Spike_G257S,Spike_K417N,NSP13_R392C,Spike_T376A,NSP6_S106del,NS8_W45stop,Spike_D574V,Spike_I210V,Spike_R408S,NSP4_L438F,Spike_G339H,NSP14_I42V,NSP4_L264F,NSP4_E98K,Spike_P681H,NSP3_T24I,N_S33del,NSP1_S135R,Spike_S375F,Spike_D405N,Spike_Q498R,Spike_G446S,Spike_S477N,N_E31del,NSP15_T112I,NSP6_F108del,Spike_E484A,E_T9I,Spike_P26del,NSP12_P323L,Spike_D614G,NSP8_N118S,NSP3_P822S)
hCoV-19/Ireland/D-NVRL-S22IRL00436530/2022	EPI_ISL_14888227	2022-08-28	Europe / Ireland / Dublin	Human			Female	21-30	unknown		Original	Oropharyngeal and nasopharyngeal swab		BL.1	GRA	(NSP5_P132H,NSP12_G671S,NSP3_G489S,Spike_L24del,NSP4_T327I,Spike_S373P,Spike_N969K,Spike_H655Y,N_R203K,Spike_V213G,Spike_W152R,Spike_G142D,Spike_A27S,Spike_Q954H,N_P13L,Spike_N501Y,Spike_P25del,N_R32del,NS3_T223I,M_Q19E,Spike_N440K,NSP4_T492I,Spike_N460K,Spike_F157L,NSP3_S403L,Spike_K147E,Spike_N679K,Spike_N764K,E_T11A,NSP6_G107del,Spike_Y505H,Spike_D796Y,N_G204R,Spike_T478K,N_S413R,M_A63T,Spike_R346T,Spike_S371F,Spike_G257S,Spike_K417N,NSP13_R392C,Spike_T376A,NSP6_S106del,Spike_D574V,Spike_I210V,Spike_R408S,NSP4_L438F,Spike_G339H,NSP14_I42V,NSP4_L264F,Spike_P681H,NSP3_T24I,N_S33del,NSP1_S135R,Spike_S375F,Spike_D405N,Spike_Q498R,Spike_G446S,Spike_S477N,N_E31del,NSP15_T112I,NSP6_F108del,Spike_E484A,E_T9I,Spike_P26del,NSP12_P323L,Spike_D614G,NSP8_N118S,NSP3_P822S)
hCoV-19/Ireland/KE-NVRL-S22IRL00438065/2022	EPI_ISL_14921985	2022-08-29	Europe / Ireland / Kildare	Human			Female	unknown	unknown		Original	Oropharyngeal and nasopharyngeal swab		BA.2.75.2	GRA	(NSP5_P132H,NSP12_G671S,NSP3_G489S,Spike_L24del,NSP4_T327I,Spike_S373P,Spike_N969K,Spike_H655Y,N_R203K,Spike_V213G,Spike_W152R,Spike_G142D,Spike_A27S,Spike_Q954H,N_P13L,Spike_N501Y,Spike_P25del,N_R32del,NS3_T223I,M_Q19E,Spike_N440K,NSP4_T492I,Spike_N460K,Spike_F157L,NSP3_S403L,Spike_K147E,Spike_N679K,Spike_N764K,E_T11A,NSP6_G107del,Spike_Y505H,Spike_D796Y,N_G204R,Spike_T478K,N_S413R,M_A63T,Spike_D1199N,Spike_R346T,Spike_S371F,Spike_G257S,Spike_K417N,NSP13_R392C,Spike_T376A,NSP6_S106del,Spike_I210V,Spike_R408S,NSP4_L438F,Spike_F486S,Spike_G339H,NSP14_I42V,NSP4_L264F,Spike_P681H,NSP3_T24I,N_S33del,NSP1_S135R,Spike_S375F,Spike_D405N,Spike_Q498R,Spike_G446S,Spike_S477N,NS3_P240L,N_E31del,NSP15_T112I,NSP6_F108del,Spike_E484A,E_T9I,Spike_P26del,NSP12_P323L,Spike_D614G,NSP8_N118S,NSP3_P822S)
hCoV-19/Ireland/CE-906576/2022	EPI_ISL_14942070	2022-08-28	Europe / Ireland / Constituency of Clare	Human		Non-sentinel-surveillance (hospital)	Male	10-20	unknown		Original	Oropharyngeal and Nasopharyngeal swab		BA.2.12.1	GRA	(NSP5_P132H,NSP3_G489S,Spike_L24del,NSP4_T327I,Spike_S373P,Spike_Q493R,Spike_N969K,Spike_H655Y,N_R203K,Spike_V213G,Spike_G142D,Spike_A27S,Spike_Q954H,N_P13L,Spike_N501Y,Spike_P25del,N_R32del,NS3_T223I,Spike_T19I,M_Q19E,Spike_N440K,NSP4_T492I,Spike_N679K,Spike_N764K,NSP6_G107del,Spike_Y505H,Spike_D796Y,N_G204R,Spike_T478K,N_S413R,M_A63T,NSP5_K88R,Spike_S371F,Spike_K417N,NSP13_R392C,Spike_T376A,NSP6_S106del,Spike_G339D,Spike_P1162S,Spike_R408S,NSP4_L438F,NSP14_I42V,NSP4_L264F,Spike_P681H,NSP3_T24I,N_S33del,NSP1_S135R,Spike_S375F,Spike_D405N,Spike_Q498R,Spike_S477N,N_E31del,NSP15_T112I,NSP6_F108del,NSP5_T93I,Spike_E484A,E_T9I,Spike_P26del,NSP12_P323L,Spike_S704L,Spike_D614G,Spike_L452Q)
hCoV-19/Ireland/CO-NVRL-ecS22IRL00427096/2022	EPI_ISL_15046011	2022-08-02	Europe / Ireland / Cork	Human			Male	31-40	unknown		Original	Oronasopharyngeal swab		BA.5.1	GRA	(NSP5_P132H,NSP3_G489S,NSP4_T327I,Spike_S373P,Spike_N969K,Spike_H655Y,N_R203K,Spike_V213G,Spike_G142D,Spike_Q954H,NSP14_D291Y,N_P13L,Spike_N501Y,NS3_T223I,Spike_T19I,M_Q19E,Spike_N440K,NSP4_T492I,M_D3N,Spike_N679K,Spike_N764K,NSP3_P1061Q,Spike_Y505H,Spike_D796Y,N_G204R,Spike_T478K,N_S413R,M_A63T,NSP13_E365D,Spike_S371F,NSP2_D449G,NSP13_R392C,Spike_K417N,Spike_F486V,Spike_T376A,Spike_G339D,Spike_R408S,NSP14_I42V,Spike_P681H,NSP4_L264F,NSP3_T24I,NSP1_S135R,Spike_S375F,Spike_D405N,Spike_Q498R,Spike_S477N,NSP15_T112I,Spike_E484A,E_T9I,NSP12_P323L,Spike_D614G,Spike_L452R)
hCoV-19/Ireland/CE-NVRL-S22IRL00436867/2022	EPI_ISL_15080922	2022-08-29	Europe / Ireland / Clare	Human			Male	85+	unknown		Original	Oro-Nasopharyngeal swab		BE.1.1	GRA	(NSP5_P132H,Spike_H69del,NSP3_G489S,Spike_L24del,NSP4_T327I,Spike_S373P,Spike_N969K,Spike_H655Y,N_R203K,Spike_V213G,Spike_G142D,Spike_A27S,Spike_Q954H,N_P13L,Spike_N501Y,Spike_P25del,N_R32del,NS3_T223I,M_Q19E,Spike_N440K,NSP4_T492I,N_E136D,M_D3N,Spike_N679K,Spike_N764K,NSP6_G107del,Spike_Y505H,Spike_D796Y,N_G204R,Spike_T478K,N_S413R,NSP6_L260F,M_A63T,NSP2_Q376K,Spike_S371F,Spike_K417N,NSP13_R392C,Spike_F486V,Spike_T376A,NSP6_S106del,Spike_G339D,Spike_R408S,NSP14_I42V,NSP4_L264F,Spike_P681H,NSP13_M233I,NSP3_T24I,N_S33del,NSP1_S135R,Spike_S375F,Spike_D405N,Spike_Q498R,Spike_S477N,N_E31del,NSP15_T112I,NSP6_F108del,Spike_E484A,E_T9I,Spike_V70del,Spike_P26del,NSP12_P323L,Spike_D614G,Spike_L452R)
hCoV-19/Ireland/CN-NVRL-S22IRL00438843/2022	EPI_ISL_15080931	2022-08-31	Europe / Ireland / Cavan	Human			Female	31-40	unknown		Original	Oro-Nasopharyngeal swab		BA.5.2.1	GRA	(NSP5_P132H,Spike_H69del,NSP3_G489S,Spike_L24del,NSP4_T327I,Spike_S373P,Spike_N969K,Spike_H655Y,N_R203K,Spike_V213G,Spike_G142D,Spike_A27S,Spike_Q954H,N_P13L,Spike_N501Y,Spike_P25del,N_R32del,NS3_T223I,M_Q19E,Spike_N440K,NSP4_T492I,M_D3N,Spike_N679K,Spike_N764K,NSP6_G107del,Spike_Y505H,Spike_D796Y,N_G204R,Spike_T478K,N_S413R,M_A63T,Spike_S371F,Spike_K417N,NSP13_R392C,Spike_F486V,Spike_T376A,NSP6_S106del,Spike_G339D,Spike_R408S,NSP14_I42V,Spike_P681H,NSP4_L264F,NSP3_T24I,N_S33del,NSP1_S135R,Spike_S375F,Spike_D405N,Spike_Q498R,Spike_S477N,N_E31del,NSP15_T112I,NSP6_F108del,Spike_E484A,E_T9I,Spike_V70del,Spike_P26del,NSP12_P323L,Spike_D614G,Spike_L452R)
hCoV-19/Ireland/CN-NVRL-S22IRL00438333/2022	EPI_ISL_15080932	2022-08-29	Europe / Ireland / Cavan	Human			Male	31-40	unknown		Original	Oro-Nasopharyngeal swab		BA.5.2	GRA	(NSP5_P132H,Spike_H69del,NSP3_G489S,Spike_L24del,NSP4_T327I,Spike_S373P,Spike_N969K,Spike_H655Y,N_R203K,Spike_V213G,Spike_G142D,Spike_A27S,Spike_Q954H,N_P13L,Spike_N501Y,Spike_P25del,N_R32del,NS3_T223I,M_Q19E,Spike_N440K,NSP4_T492I,M_D3N,Spike_N679K,Spike_N764K,NSP6_G107del,Spike_Y505H,Spike_D796Y,N_G204R,Spike_T478K,Spike_G181V,N_S413R,M_A63T,Spike_S371F,Spike_K417N,NSP13_R392C,Spike_F486V,Spike_T376A,NSP6_S106del,NSP2_L501F,NSP13_T127N,Spike_G339D,Spike_R408S,NSP14_I42V,NSP4_L264F,Spike_P681H,NSP3_T24I,N_S33del,NSP1_S135R,Spike_S375F,Spike_D405N,Spike_Q498R,Spike_S477N,N_E31del,NSP15_T112I,NSP6_F108del,Spike_E484A,E_T9I,Spike_V70del,Spike_P26del,NSP12_P323L,Spike_D614G,Spike_L452R)
hCoV-19/Ireland/CN-NVRL-S22IRL00438236/2022	EPI_ISL_15080933	2022-08-29	Europe / Ireland / Cavan	Human			Female	51-60	unknown		Original	Oro-Nasopharyngeal swab		BA.5.8	GRA	(NSP5_P132H,Spike_H69del,Spike_L24del,NSP3_G489S,NSP4_T327I,Spike_S373P,Spike_N969K,Spike_H655Y,N_R203K,Spike_V213G,Spike_G142D,Spike_A27S,NSP3_M1278L,NSP15_T325I,Spike_Q954H,NSP13_V348L,N_P13L,Spike_N501Y,Spike_P25del,N_R32del,NS3_T223I,NSP2_G262S,M_Q19E,Spike_N440K,NSP4_T492I,M_D3N,Spike_N679K,Spike_N764K,NSP6_G107del,Spike_Y505H,Spike_D796Y,N_G204R,Spike_T478K,N_S413R,M_A63T,Spike_S371F,NSP1_M85del,Spike_K417N,NSP13_R392C,Spike_Q1201H,Spike_F486V,Spike_T376A,NSP6_S106del,Spike_G339D,Spike_R408S,NSP14_I42V,NSP4_L264F,Spike_P681H,NSP3_T24I,N_S33del,NSP1_S135R,Spike_S375F,Spike_D405N,Spike_Q498R,Spike_S477N,N_E31del,NSP1_V86del,NSP15_T112I,NSP6_F108del,Spike_P1162L,Spike_E484A,E_T9I,Spike_V70del,Spike_P26del,NSP12_P323L,Spike_D614G,Spike_L452R)
hCoV-19/Ireland/CN-NVRL-S22IRL00438240/2022	EPI_ISL_15080934	2022-08-29	Europe / Ireland / Cavan	Human			Female	31-40	unknown		Original	Oro-Nasopharyngeal swab		BA.5.2.2	GRA	(NSP5_P132H,Spike_H69del,NSP3_G489S,Spike_L24del,NSP4_T327I,Spike_S373P,Spike_N969K,Spike_H655Y,N_R203K,Spike_V213G,Spike_G142D,Spike_A27S,Spike_Q954H,N_P13L,N_F307L,Spike_N501Y,Spike_P25del,N_R32del,NS3_T223I,M_Q19E,Spike_N440K,NSP4_T492I,M_D3N,Spike_N679K,Spike_N764K,NSP3_N1680H,NSP6_G107del,Spike_Y505H,Spike_R346I,Spike_D796Y,N_G204R,Spike_T478K,M_A63T,Spike_S371F,Spike_K417N,NSP13_R392C,Spike_F486V,Spike_T376A,NSP6_S106del,NSP13_T127N,Spike_G339D,Spike_R408S,NSP14_I42V,NSP4_L264F,Spike_P681H,NSP3_T24I,N_S33del,NSP1_S135R,Spike_S375F,Spike_D405N,Spike_Q498R,Spike_S477N,N_E31del,NSP15_T112I,NSP6_F108del,Spike_E484A,E_T9I,Spike_V70del,Spike_P26del,NSP15_G246S,NSP12_P323L,Spike_D614G,Spike_L452R)
hCoV-19/Ireland/CN-NVRL-S22IRL00437945/2022	EPI_ISL_15080936	2022-08-25	Europe / Ireland / Cavan	Human			Female	51-60	unknown		Original	Oro-Nasopharyngeal swab		BA.4.1	GRA	(NSP5_P132H,Spike_H69del,Spike_V3G,NSP3_G489S,Spike_L24del,NSP4_T327I,Spike_S373P,Spike_N969K,Spike_H655Y,N_R203K,Spike_V213G,Spike_G142D,Spike_A27S,Spike_Q954H,N_P13L,Spike_N501Y,Spike_P25del,N_R32del,NS3_T223I,M_Q19E,Spike_N440K,NSP4_T492I,Spike_N679K,Spike_N764K,NSP6_G107del,Spike_Y505H,Spike_D796Y,N_G204R,Spike_T478K,N_S413R,M_A63T,Spike_S371F,NS7b_L11F,N_P151S,Spike_K417N,NSP13_R392C,Spike_F486V,Spike_T376A,NSP6_S106del,Spike_G339D,Spike_R408S,NSP14_I42V,NSP4_L264F,Spike_P681H,NSP3_T24I,N_S33del,NSP1_S135R,Spike_S375F,Spike_D405N,Spike_S1170F,NSP1_F143del,Spike_Q498R,Spike_S477N,NSP1_K141del,N_E31del,NSP1_S142del,NSP15_T112I,NSP6_F108del,Spike_E484A,E_T9I,Spike_V70del,Spike_P26del,NSP12_P323L,Spike_D614G,Spike_L452R)
hCoV-19/Ireland/CO-NVRL-S22IRL00437839/2022	EPI_ISL_15080939	2022-08-25	Europe / Ireland / Cork	Human			Female	31-40	unknown		Original	Oro-Nasopharyngeal swab		BA.5.2.1	GRA	(NSP5_P132H,Spike_H69del,NSP3_G489S,Spike_L24del,NSP4_T327I,Spike_S373P,Spike_N969K,Spike_H655Y,N_R203K,Spike_V213G,Spike_G142D,Spike_A27S,Spike_Q954H,N_P13L,Spike_N501Y,Spike_P25del,N_R32del,NS3_T223I,M_Q19E,Spike_N440K,NSP4_T492I,M_D3N,Spike_N679K,Spike_N764K,NSP6_G107del,Spike_Y505H,Spike_D796Y,N_G204R,Spike_T478K,N_S413R,M_A63T,Spike_S371F,Spike_K417N,NSP13_R392C,Spike_F486V,Spike_T376A,NSP6_S106del,Spike_G339D,Spike_R408S,NSP14_I42V,NSP4_L264F,Spike_P681H,Spike_Y144del,NSP3_T24I,N_S33del,NSP1_S135R,Spike_S375F,NSP1_Q44L,Spike_D405N,Spike_Q498R,Spike_S477N,N_E31del,NSP15_T112I,NSP6_F108del,Spike_E484A,E_T9I,Spike_V70del,Spike_P26del,NSP8_I132M,NSP12_P323L,Spike_D614G,NSP13_V157L,Spike_L452R)
hCoV-19/Ireland/CW-NVRL-S22IRL00437737/2022	EPI_ISL_15080948	2022-08-25	Europe / Ireland / Carlow	Human			Female	71-80	unknown		Original	Oro-Nasopharyngeal swab		BA.5.2	GRA	(NSP5_P132H,Spike_H69del,NSP3_G489S,Spike_L24del,NSP4_T327I,Spike_S373P,Spike_N969K,Spike_H655Y,N_R203K,Spike_V213G,Spike_G142D,Spike_A27S,Spike_Q954H,N_P13L,Spike_N501Y,Spike_P25del,N_R32del,NS3_T223I,M_Q19E,Spike_N440K,NSP4_T492I,M_D3N,Spike_N679K,Spike_N764K,NSP6_G107del,Spike_Y505H,Spike_D796Y,N_G204R,Spike_T478K,Spike_G181V,N_S413R,M_A63T,Spike_S371F,Spike_K417N,NSP13_R392C,Spike_F486V,Spike_T376A,NSP6_S106del,NSP4_A380V,NSP13_T127N,Spike_G339D,Spike_R408S,NSP14_I42V,NSP4_L264F,Spike_P681H,NSP3_T24I,N_S33del,NSP1_S135R,Spike_S375F,Spike_D405N,Spike_Q498R,Spike_S477N,N_E31del,NSP15_T112I,NSP6_F108del,Spike_E484A,E_T9I,Spike_V70del,Spike_P26del,NSP12_P323L,Spike_D614G,Spike_L452R)
hCoV-19/Ireland/CW-NVRL-S22IRL00437748/2022	EPI_ISL_15080950	2022-08-25	Europe / Ireland / Carlow	Human			Male	61-70	unknown		Original	Oro-Nasopharyngeal swab		BA.5.2	GRA	(NSP5_P132H,Spike_H69del,NSP3_G489S,Spike_L24del,NSP4_T327I,Spike_S373P,Spike_N969K,Spike_H655Y,N_R203K,Spike_V213G,Spike_G142D,Spike_A27S,Spike_Q954H,N_P13L,Spike_N501Y,Spike_P25del,N_R32del,NS3_T223I,M_Q19E,Spike_N440K,NSP4_T492I,M_D3N,Spike_N679K,Spike_N764K,NSP6_G107del,Spike_Y505H,Spike_D796Y,N_G204R,Spike_T478K,Spike_G181V,N_S413R,M_A63T,Spike_S371F,Spike_K417N,NSP13_R392C,Spike_F486V,Spike_T376A,NSP6_S106del,NSP4_A380V,NSP13_T127N,Spike_G339D,Spike_R408S,NSP14_I42V,NSP4_L264F,Spike_P681H,NSP3_T24I,N_S33del,NSP1_S135R,Spike_S375F,Spike_D405N,Spike_Q498R,Spike_S477N,N_E31del,NSP15_T112I,NSP6_F108del,Spike_E484A,E_T9I,Spike_V70del,Spike_P26del,NSP12_P323L,Spike_D614G,Spike_L452R)
hCoV-19/Ireland/D-NVRL-S22IRL00438803/2022	EPI_ISL_15080986	2022-08-31	Europe / Ireland / Dublin	Human			Female	31-40	unknown		Original	Oro-Nasopharyngeal swab		BA.5.1	GRA	(NSP5_P132H,Spike_H69del,NSP3_G489S,Spike_L24del,NSP4_T327I,Spike_S373P,Spike_N969K,Spike_H655Y,N_R203K,Spike_V213G,Spike_G142D,Spike_A27S,Spike_Q954H,N_P13L,Spike_N501Y,Spike_P25del,N_R32del,NS3_T223I,M_Q19E,Spike_N440K,NSP4_T492I,M_D3N,Spike_N679K,Spike_N764K,NSP6_G107del,Spike_Y505H,NSP3_D135Y,Spike_D796Y,N_G204R,Spike_T478K,N_S413R,M_A63T,N_D63Y,Spike_S371F,Spike_K417N,NSP13_R392C,Spike_F486V,Spike_T376A,NSP6_S106del,Spike_G339D,Spike_R408S,NSP14_I42V,Spike_P681H,NSP4_L264F,NSP3_T24I,N_S33del,NSP1_S135R,Spike_S375F,Spike_D405N,Spike_Q498R,Spike_S477N,N_E31del,NSP15_T112I,NSP6_F108del,Spike_E484A,E_T9I,Spike_V70del,Spike_P26del,NSP12_P323L,Spike_D614G,Spike_L452R)
hCoV-19/Ireland/D-NVRL-S22IRL00439241/2022	EPI_ISL_15080987	2022-08-31	Europe / Ireland / Dublin	Human			Female	81-90	unknown		Original	Oro-Nasopharyngeal swab		BA.5.2.1	GRA	(NSP5_P132H,Spike_H69del,NSP3_G489S,Spike_L24del,NSP4_T327I,Spike_S373P,Spike_N969K,Spike_H655Y,N_R203K,Spike_V213G,Spike_G142D,Spike_A27S,Spike_Q954H,N_P13L,Spike_N501Y,Spike_P25del,N_R32del,NS3_T223I,M_Q19E,Spike_N440K,NSP4_T492I,NSP13_H164Y,M_D3N,Spike_N679K,Spike_N764K,NSP6_G107del,Spike_Y505H,Spike_D796Y,N_G204R,Spike_T478K,N_S413R,M_A63T,NSP2_L350M,Spike_S371F,Spike_K417N,NSP13_R392C,Spike_F486V,Spike_T376A,NSP6_S106del,Spike_G339D,Spike_R408S,NSP14_I42V,NSP4_L264F,Spike_P681H,NSP3_T24I,N_S33del,NSP1_S135R,Spike_S375F,Spike_D405N,Spike_Q498R,Spike_S477N,NSP3_E378K,N_E31del,NSP15_T112I,NSP6_F108del,Spike_E484A,E_T9I,Spike_V70del,Spike_P26del,NSP12_P323L,Spike_D614G,Spike_L452R)
hCoV-19/Ireland/D-NVRL-S22IRL00438526/2022	EPI_ISL_15080990	2022-08-31	Europe / Ireland / Dublin	Human			Male	51-60	unknown		Original	Oro-Nasopharyngeal swab		BA.5.1	GRA	(NSP5_P132H,Spike_H69del,NSP13_A509V,NSP3_G489S,Spike_L24del,NSP4_T327I,Spike_S373P,Spike_N969K,Spike_H655Y,N_R203K,Spike_V213G,Spike_G142D,NSP16_A192T,Spike_A27S,Spike_Q954H,NS3_D155Y,N_P13L,Spike_N501Y,Spike_P25del,N_R32del,NS3_T223I,M_Q19E,Spike_N440K,NSP4_T492I,M_D3N,Spike_N679K,Spike_N764K,NSP6_G107del,Spike_Y505H,Spike_D796Y,N_G204R,Spike_T478K,N_S413R,M_A63T,Spike_S371F,Spike_K417N,NSP13_R392C,Spike_F486V,Spike_T376A,NSP6_S106del,Spike_G339D,Spike_R408S,NSP14_I42V,NSP4_L264F,Spike_P681H,NSP3_T24I,N_S33del,NSP1_S135R,Spike_S375F,Spike_D405N,Spike_Q498R,Spike_S477N,N_E31del,NSP15_T112I,NSP6_F108del,Spike_E484A,E_L18F,E_T9I,Spike_V70del,Spike_P26del,NSP12_P323L,NSP3_P389L,Spike_D614G,Spike_L452R)
hCoV-19/Ireland/D-NVRL-S22IRL00438606/2022	EPI_ISL_15080992	2022-08-31	Europe / Ireland / Dublin	Human			Male	51-60	unknown		Original	Oro-Nasopharyngeal swab		BA.5.1.3	GRA	(NSP5_P132H,Spike_H69del,NSP3_G489S,Spike_L24del,Spike_V289I,NSP4_T327I,Spike_S373P,Spike_N969K,Spike_H655Y,N_R203K,Spike_V213G,Spike_G142D,Spike_A27S,Spike_Q954H,N_P13L,Spike_N501Y,Spike_P25del,N_R32del,NS3_T223I,M_Q19E,Spike_N440K,NSP4_T492I,M_D3N,Spike_N679K,Spike_N764K,NSP6_G107del,Spike_Y505H,Spike_D796Y,N_G204R,Spike_T478K,N_S413R,NSP12_A449T,M_A63T,Spike_S371F,Spike_K417N,NSP13_R392C,Spike_F486V,Spike_T376A,NSP6_S106del,Spike_G339D,Spike_R408S,NSP14_I42V,Spike_P681H,NSP4_L264F,NSP3_T24I,N_S33del,NSP1_S135R,Spike_S375F,Spike_D405N,Spike_Q498R,Spike_S477N,N_E31del,NSP15_T112I,NSP6_F108del,Spike_E484A,E_T9I,Spike_V70del,Spike_P26del,NSP12_P323L,Spike_D614G,Spike_L452R)
hCoV-19/Ireland/D-NVRL-S22IRL00438390/2022	EPI_ISL_15080993	2022-08-31	Europe / Ireland / Dublin	Human			Female	41-50	unknown		Original	Oro-Nasopharyngeal swab		BA.5.2	GRA	(NSP5_P132H,Spike_H69del,NSP3_G489S,Spike_L24del,NSP4_T327I,Spike_S373P,Spike_N969K,Spike_H655Y,N_R203K,Spike_V213G,Spike_G142D,Spike_A27S,Spike_Q954H,N_P13L,Spike_N501Y,Spike_P25del,N_R32del,NS3_T223I,M_Q19E,Spike_N440K,NSP4_T492I,M_D3N,Spike_N679K,Spike_N764K,NSP6_G107del,Spike_Y505H,Spike_D796Y,N_G204R,Spike_T478K,N_S413R,M_A63T,Spike_S371F,Spike_K417N,NSP13_R392C,Spike_F486V,Spike_T376A,NSP6_S106del,NSP13_T127N,Spike_G339D,Spike_R408S,NSP14_I42V,NSP4_L264F,Spike_P681H,NSP3_T24I,N_S33del,NSP1_S135R,Spike_S375F,Spike_D405N,NSP2_V594I,Spike_Q498R,Spike_S477N,N_E31del,NSP15_T112I,NSP6_F108del,Spike_E484A,E_T9I,Spike_V70del,Spike_P26del,NSP12_P323L,Spike_D614G,Spike_L452R)
hCoV-19/Ireland/D-NVRL-S22IRL00438601/2022	EPI_ISL_15080995	2022-08-31	Europe / Ireland / Dublin	Human			Male	21-30	unknown		Original	Oro-Nasopharyngeal swab		BA.4.6	GRA	(NSP5_P132H,Spike_H69del,Spike_N658S,NSP3_G489S,Spike_L24del,NSP4_T327I,Spike_S373P,Spike_N969K,Spike_H655Y,N_R203K,Spike_V213G,Spike_G142D,Spike_A27S,Spike_Q954H,N_P13L,Spike_N501Y,Spike_P25del,N_R32del,NS3_T223I,NS8_L7S,M_Q19E,Spike_N440K,NSP4_T492I,Spike_N679K,Spike_N764K,NSP6_G107del,Spike_Y505H,NSP3_M1441I,Spike_D796Y,N_G204R,Spike_T478K,N_S413R,M_A63T,Spike_R346T,Spike_S371F,NS7b_L11F,N_P151S,Spike_K417N,NSP13_R392C,Spike_F486V,Spike_T376A,NSP6_S106del,Spike_T732I,Spike_G339D,Spike_R408S,NSP14_I42V,NSP4_L264F,Spike_P681H,NSP3_T24I,N_S33del,NSP1_S135R,Spike_S375F,Spike_D405N,NSP1_F143del,Spike_Q498R,Spike_S477N,NSP1_K141del,N_E31del,NSP1_S142del,NSP15_T112I,NSP6_F108del,Spike_E484A,E_T9I,Spike_V70del,Spike_P26del,NSP12_P323L,Spike_D614G,Spike_L452R)
hCoV-19/Ireland/D-NVRL-S22IRL00438952/2022	EPI_ISL_15080996	2022-08-31	Europe / Ireland / Dublin	Human			Female	85+	unknown		Original	Oro-Nasopharyngeal swab		BA.5.2.1	GRA	(NSP5_P132H,Spike_H69del,NSP3_G489S,Spike_L24del,NSP4_T327I,Spike_S373P,Spike_N969K,Spike_H655Y,N_R203K,Spike_V213G,Spike_G142D,Spike_A27S,Spike_Q954H,N_P13L,Spike_N501Y,Spike_P25del,N_R32del,NS3_T223I,M_Q19E,Spike_N440K,NSP4_T492I,NSP13_H164Y,M_D3N,Spike_N679K,Spike_N764K,NSP6_G107del,Spike_Y505H,Spike_D796Y,N_G204R,Spike_T478K,N_S413R,M_A63T,NSP2_L350M,Spike_S371F,Spike_K417N,NSP13_R392C,Spike_F486V,Spike_T376A,NSP6_S106del,Spike_G339D,Spike_R408S,NSP14_I42V,NSP4_L264F,Spike_P681H,NSP3_T24I,N_S33del,NSP1_S135R,Spike_S375F,Spike_D405N,Spike_Q498R,Spike_S477N,NSP3_E378K,N_E31del,NSP15_T112I,NSP6_F108del,Spike_E484A,E_T9I,Spike_V70del,Spike_P26del,NSP12_P323L,Spike_D614G,Spike_L452R)
hCoV-19/Ireland/D-NVRL-S22IRL00436933/2022	EPI_ISL_15081000	2022-08-29	Europe / Ireland / Dublin	Human			Male	61-70	unknown		Original	Oro-Nasopharyngeal swab		BA.5.2	GRA	(NSP5_P132H,Spike_H69del,NSP3_G489S,Spike_L24del,NSP4_T327I,Spike_S373P,Spike_N969K,Spike_H655Y,N_R203K,Spike_V213G,Spike_G142D,Spike_A27S,Spike_Q954H,N_P13L,Spike_N501Y,Spike_P25del,N_R32del,NS3_T223I,M_Q19E,Spike_N440K,NSP4_T492I,M_D3N,Spike_N679K,Spike_N764K,NSP6_G107del,Spike_Y505H,Spike_D796Y,N_G204R,Spike_T478K,N_S413R,M_A63T,NSP3_T237A,Spike_S371F,Spike_K417N,NSP13_R392C,Spike_F486V,Spike_T376A,NSP6_S106del,NSP13_T127N,Spike_G339D,Spike_R408S,NSP14_I42V,NSP4_L264F,Spike_P681H,NSP3_T24I,N_S33del,NSP1_S135R,Spike_S375F,Spike_D405N,Spike_Q498R,Spike_S477N,N_E31del,NSP15_T112I,NSP6_F108del,Spike_E484A,E_T9I,Spike_V70del,Spike_P26del,NSP12_P323L,Spike_D614G,Spike_L452R)
hCoV-19/Ireland/D-NVRL-S22IRL00438726/2022	EPI_ISL_15081003	2022-08-30	Europe / Ireland / Dublin	Human			Female	51-60	unknown		Original	Oro-Nasopharyngeal swab		BF.5	GRA	(NSP5_P132H,Spike_H69del,NSP3_G489S,Spike_L24del,NSP4_T327I,Spike_S373P,Spike_N969K,Spike_H655Y,N_R203K,Spike_V213G,Spike_G142D,Spike_A27S,Spike_Q954H,N_P13L,Spike_N501Y,Spike_P25del,N_R32del,NS3_T223I,M_Q19E,Spike_N440K,NSP4_T492I,M_D3N,Spike_N679K,Spike_N764K,NSP6_G107del,Spike_Y505H,NS7a_H47Y,Spike_D796Y,N_G204R,Spike_T478K,N_S413R,M_A63T,Spike_S371F,Spike_K417N,NSP13_R392C,Spike_F486V,Spike_T376A,NSP6_S106del,NSP3_T1306I,Spike_G339D,Spike_R408S,NSP14_I42V,NSP4_L264F,Spike_P681H,NSP3_T24I,N_S33del,NSP1_S135R,Spike_S375F,Spike_D405N,Spike_Q498R,Spike_S477N,N_E31del,NSP15_T112I,NSP6_F108del,Spike_E484A,E_T9I,Spike_V70del,Spike_A1020S,Spike_P26del,NSP12_P323L,Spike_D614G,Spike_L452R)
hCoV-19/Ireland/D-NVRL-S22IRL00438759/2022	EPI_ISL_15081004	2022-08-31	Europe / Ireland / Dublin	Human			Female	41-50	unknown		Original	Oro-Nasopharyngeal swab		BA.5.1	GRA	(NSP5_P132H,Spike_H69del,NSP3_G489S,Spike_L24del,NSP4_T327I,Spike_S373P,Spike_N969K,Spike_H655Y,N_R203K,Spike_V213G,Spike_G142D,Spike_A27S,Spike_Q954H,N_P13L,Spike_N501Y,Spike_P25del,N_R32del,NS3_T223I,M_Q19E,Spike_N440K,NSP4_T492I,M_D3N,NSP16_Q28H,Spike_N679K,Spike_N764K,NSP6_G107del,Spike_Y505H,Spike_D796Y,N_G204R,Spike_T478K,N_S413R,NSP12_T246I,M_A63T,Spike_S371F,Spike_K417N,NSP13_R392C,Spike_F486V,Spike_T376A,NSP6_S106del,Spike_G339D,Spike_R408S,NSP14_I42V,NSP4_L264F,Spike_P681H,NSP3_T24I,N_S33del,NSP1_S135R,Spike_S375F,Spike_D405N,Spike_Q498R,Spike_S477N,N_E31del,NSP15_T112I,NSP6_F108del,Spike_E484A,E_T9I,Spike_V70del,Spike_P26del,NSP12_P323L,Spike_D614G,Spike_L452R)
hCoV-19/Ireland/D-NVRL-S22IRL00438612/2022	EPI_ISL_15081006	2022-08-31	Europe / Ireland / Dublin	Human			Female	31-40	unknown		Original	Oro-Nasopharyngeal swab		BA.5.1	GRA	(NSP5_P132H,Spike_H69del,NSP3_G489S,Spike_L24del,NSP4_T327I,Spike_S373P,Spike_N969K,Spike_H655Y,N_R203K,Spike_V213G,Spike_G142D,Spike_A27S,Spike_Q954H,N_P13L,Spike_N501Y,Spike_P25del,N_R32del,NS3_T223I,M_Q19E,Spike_N440K,NSP4_T492I,M_D3N,Spike_N679K,Spike_N764K,NSP6_G107del,Spike_Y505H,Spike_D796Y,N_G204R,Spike_T478K,N_S413R,M_A63T,Spike_S371F,Spike_K417N,NSP13_R392C,Spike_F486V,Spike_T376A,NSP14_P158H,NSP6_S106del,Spike_G339D,Spike_R408S,NSP14_I42V,Spike_P681H,NSP4_L264F,NSP3_T24I,N_S33del,NSP1_S135R,Spike_S375F,Spike_D405N,Spike_Q498R,Spike_S477N,N_E31del,NSP15_T112I,NSP6_F108del,Spike_E484A,E_T9I,Spike_V70del,Spike_P26del,NSP12_P323L,Spike_D614G,Spike_L452R)
hCoV-19/Ireland/D-NVRL-S22IRL00438725/2022	EPI_ISL_15081007	2022-08-31	Europe / Ireland / Dublin	Human			Male	21-30	unknown		Original	Oro-Nasopharyngeal swab		BA.5.2	GRA	(NSP5_P132H,Spike_H69del,NSP3_G489S,Spike_L24del,NSP4_T327I,Spike_S373P,Spike_N969K,Spike_H655Y,N_R203K,Spike_V213G,Spike_G142D,Spike_A27S,Spike_Q954H,N_P13L,Spike_N501Y,Spike_P25del,N_R32del,NS3_T223I,M_Q19E,Spike_N440K,NSP4_T492I,M_D3N,Spike_N679K,Spike_N764K,NSP6_G107del,Spike_Y505H,Spike_D796Y,N_G204R,Spike_T478K,N_S413R,M_A63T,Spike_S371F,Spike_K417N,NSP13_R392C,Spike_F486V,Spike_T376A,NSP6_S106del,NSP13_T127N,Spike_G339D,Spike_R408S,NSP14_I42V,NSP4_L264F,Spike_P681H,NSP3_T24I,N_S33del,NSP1_S135R,Spike_S375F,Spike_D405N,NSP2_V594I,Spike_Q498R,Spike_S477N,N_E31del,NSP15_T112I,NSP6_F108del,Spike_E484A,E_T9I,Spike_V70del,Spike_P26del,NSP12_P323L,Spike_D614G,Spike_L452R)
hCoV-19/Ireland/D-NVRL-S22IRL00437884/2022	EPI_ISL_15081009	2022-08-25	Europe / Ireland / Dublin	Human			Female	21-30	unknown		Original	Oro-Nasopharyngeal swab		BF.10	GRA	(NSP5_P132H,Spike_H69del,NSP3_G489S,Spike_L24del,NSP4_T327I,Spike_S373P,Spike_N969K,Spike_H655Y,N_R203K,Spike_V213G,Spike_G142D,Spike_A27S,Spike_Q954H,Spike_N501Y,Spike_P25del,N_R32del,NS3_T223I,M_Q19E,Spike_N440K,N_P13F,NSP4_T492I,M_D3N,Spike_N679K,Spike_N764K,NSP6_G107del,Spike_Y505H,NSP3_L216F,Spike_D796Y,N_G204R,Spike_T478K,N_S413R,M_A63T,Spike_S371F,Spike_K417N,NSP13_R392C,Spike_F486V,Spike_T376A,NSP6_S106del,Spike_G339D,Spike_R408S,NSP14_I42V,NSP4_L264F,Spike_P681H,NSP3_T24I,N_S33del,NSP1_S135R,Spike_S375F,Spike_D405N,Spike_Q498R,Spike_S477N,NSP1_H83Y,N_E31del,NSP15_T112I,NSP6_F108del,NSP13_A368V,Spike_E484A,E_T9I,Spike_V70del,Spike_P26del,NSP12_P323L,Spike_D614G,Spike_L452R)
hCoV-19/Ireland/D-NVRL-S22IRL00437890/2022	EPI_ISL_15081010	2022-08-25	Europe / Ireland / Dublin	Human			Female	21-30	unknown		Original	Oro-Nasopharyngeal swab		BA.5.2	GRA	(NSP5_P132H,Spike_H69del,NSP3_G489S,Spike_L24del,NSP4_T327I,Spike_S373P,Spike_N969K,Spike_H655Y,N_R203K,Spike_V213G,Spike_G142D,Spike_A27S,Spike_Q954H,N_P13L,Spike_N501Y,Spike_P25del,N_R32del,NS3_T223I,M_Q19E,Spike_N440K,NSP4_T492I,M_D3N,Spike_N679K,Spike_N764K,Spike_K147I,NSP6_G107del,Spike_Y505H,Spike_D796Y,N_G204R,Spike_T478K,N_S413R,M_A63T,NSP14_P140S,Spike_S371F,Spike_K417N,NSP13_R392C,Spike_F486V,Spike_T376A,NSP6_S106del,NSP2_A318V,NSP13_T127N,Spike_G339D,Spike_R408S,NSP14_I42V,NSP4_L264F,Spike_P681H,NSP3_T24I,N_S33del,NSP1_S135R,Spike_S375F,Spike_D405N,Spike_Q498R,Spike_S477N,N_E31del,NSP15_T112I,NSP6_F108del,Spike_E484A,E_T9I,Spike_V70del,Spike_P26del,NSP12_P323L,Spike_D614G,Spike_L452R)
hCoV-19/Ireland/D-NVRL-S22IRL00437742/2022	EPI_ISL_15081011	2022-08-25	Europe / Ireland / Dublin	Human			Male	31-40	unknown		Original	Oro-Nasopharyngeal swab		BA.4.1	GRA	(NSP5_P132H,Spike_H69del,Spike_V3G,NSP3_G489S,Spike_L24del,NSP4_T327I,Spike_S373P,Spike_N969K,Spike_H655Y,N_R203K,Spike_V213G,Spike_G142D,Spike_A27S,Spike_Q954H,N_P13L,Spike_N501Y,Spike_P25del,N_R32del,NS3_T223I,M_Q19E,Spike_N440K,NSP4_T492I,Spike_N679K,Spike_N764K,NSP6_G107del,Spike_Y505H,Spike_D796Y,N_G204R,Spike_T478K,N_S413R,M_A63T,Spike_S371F,NS7b_L11F,N_P151S,Spike_K417N,NSP13_R392C,Spike_F486V,Spike_T376A,NSP6_S106del,Spike_G339D,Spike_R408S,NSP14_I42V,NSP4_L264F,Spike_P681H,NSP3_T24I,N_S33del,NSP1_S135R,Spike_S375F,Spike_D405N,NSP1_F143del,Spike_Q498R,Spike_S477N,NSP1_K141del,N_E31del,NS8_A65V,NSP1_S142del,NSP15_T112I,NSP6_F108del,Spike_E484A,E_T9I,Spike_V70del,Spike_P26del,NSP12_P323L,Spike_D614G,Spike_L452R)
hCoV-19/Ireland/D-NVRL-S22IRL00437872/2022	EPI_ISL_15081012	2022-08-25	Europe / Ireland / Dublin	Human			Male	21-30	unknown		Original	Oro-Nasopharyngeal swab		BA.5.2	GRA	(NSP5_P132H,Spike_H69del,NSP3_G489S,Spike_L24del,NSP4_T327I,Spike_S373P,Spike_N969K,Spike_H655Y,N_R203K,Spike_V213G,Spike_G142D,Spike_A27S,Spike_Q954H,N_P13L,Spike_N501Y,Spike_P25del,N_R32del,NS3_T223I,M_Q19E,Spike_N440K,NSP4_T492I,M_D3N,Spike_N679K,Spike_N764K,Spike_K147I,NSP6_G107del,Spike_Y505H,Spike_D796Y,N_G204R,Spike_T478K,N_S413R,M_A63T,NSP14_P140S,Spike_S371F,Spike_K417N,NSP13_R392C,Spike_F486V,Spike_T376A,NSP6_S106del,NSP2_A318V,NSP13_T127N,Spike_G339D,Spike_R408S,NSP14_I42V,NSP4_L264F,Spike_P681H,NSP3_T24I,N_S33del,NSP1_S135R,Spike_S375F,Spike_D405N,Spike_Q498R,Spike_S477N,N_E31del,NSP15_T112I,NSP6_F108del,Spike_E484A,E_T9I,Spike_V70del,Spike_P26del,NSP12_P323L,Spike_D614G,Spike_L452R)
hCoV-19/Ireland/D-NVRL-S22IRL00437885/2022	EPI_ISL_15081016	2022-08-25	Europe / Ireland / Dublin	Human			Male	21-30	unknown		Original	Oro-Nasopharyngeal swab		BA.5.2	GRA	(NSP5_P132H,Spike_H69del,NSP3_G489S,Spike_L24del,NSP4_T327I,Spike_S373P,Spike_N969K,Spike_H655Y,N_R203K,Spike_V213G,Spike_G142D,Spike_A27S,Spike_Q954H,N_P13L,Spike_N501Y,Spike_P25del,N_R32del,NS3_T223I,M_Q19E,Spike_N440K,NSP4_T492I,M_D3N,Spike_N679K,Spike_N764K,Spike_K147I,NSP6_G107del,Spike_Y505H,Spike_D796Y,N_G204R,Spike_T478K,N_S413R,M_A63T,NSP14_P140S,Spike_S371F,Spike_K417N,NSP13_R392C,Spike_F486V,Spike_T376A,NSP6_S106del,NSP2_A318V,NSP13_T127N,Spike_G339D,Spike_R408S,NSP14_I42V,NSP4_L264F,Spike_P681H,NSP3_T24I,N_S33del,NSP1_S135R,Spike_S375F,Spike_D405N,Spike_Q498R,Spike_S477N,N_E31del,NSP15_T112I,NSP6_F108del,Spike_E484A,E_T9I,Spike_V70del,Spike_P26del,NSP12_P323L,Spike_D614G,Spike_L452R)
hCoV-19/Ireland/D-NVRL-S22IRL00437895/2022	EPI_ISL_15081017	2022-08-25	Europe / Ireland / Dublin	Human			Female	61-70	unknown		Original	Oro-Nasopharyngeal swab		BE.1.1	GRA	(NSP5_P132H,Spike_H69del,NSP3_G489S,Spike_L24del,NSP4_T327I,Spike_S373P,Spike_N969K,Spike_H655Y,N_R203K,Spike_V213G,Spike_G142D,Spike_A27S,Spike_Q954H,N_P13L,Spike_N501Y,Spike_P25del,N_R32del,NS3_T223I,M_Q19E,Spike_N440K,NS7a_V82F,NSP4_T492I,N_E136D,M_D3N,Spike_N679K,Spike_N764K,NSP6_G107del,Spike_Y505H,Spike_D796Y,N_G204R,Spike_T478K,N_S413R,NSP6_L260F,M_A63T,NSP2_Q376K,Spike_S371F,Spike_K417N,NSP13_R392C,Spike_F486V,Spike_T376A,NSP6_S106del,Spike_G339D,Spike_R408S,NSP14_I42V,NSP4_L264F,Spike_P681H,NSP3_D1481A,NSP13_M233I,NSP3_T24I,N_S33del,NSP1_S135R,Spike_S375F,Spike_D405N,Spike_Q498R,Spike_S477N,N_E31del,NSP15_T112I,NSP6_F108del,Spike_E484A,E_T9I,Spike_V70del,Spike_P26del,NSP12_P323L,Spike_D614G,Spike_L452R)
hCoV-19/Ireland/D-NVRL-S22IRL00437901/2022	EPI_ISL_15081019	2022-08-25	Europe / Ireland / Dublin	Human			Female	61-70	unknown		Original	Oro-Nasopharyngeal swab		BA.5.1	GRA	(NSP5_P132H,Spike_H69del,NSP3_G489S,Spike_L24del,NSP4_T327I,Spike_S373P,Spike_N969K,Spike_H655Y,N_R203K,Spike_V213G,Spike_G142D,Spike_A27S,Spike_Q954H,N_P13L,Spike_N501Y,Spike_P25del,N_R32del,NS3_T223I,M_Q19E,Spike_N440K,NSP4_T492I,M_D3N,Spike_N679K,Spike_N764K,NSP6_G107del,Spike_Y505H,Spike_D796Y,N_G204R,Spike_T478K,N_S413R,M_A63T,Spike_S371F,NSP1_I114V,Spike_K417N,NSP13_R392C,Spike_F486V,Spike_T376A,NSP6_S106del,Spike_G339D,Spike_R408S,NSP14_I42V,NSP4_L264F,Spike_P681H,NSP3_T24I,N_S33del,NSP1_S135R,Spike_S375F,Spike_D405N,NSP1_F143del,Spike_Q498R,Spike_S477N,NSP1_K141del,N_E31del,NSP1_S142del,NSP15_T112I,NSP6_F108del,Spike_E484A,E_T9I,Spike_V70del,Spike_P26del,NSP12_P323L,Spike_D614G,Spike_L452R,Spike_S1239I)
hCoV-19/Ireland/D-NVRL-S22IRL00437497/2022	EPI_ISL_15081020	2022-08-25	Europe / Ireland / Dublin	Human			Male	21-30	unknown		Original	Oro-Nasopharyngeal swab		BA.5.2	GRA	(NSP5_P132H,NSP12_T908I,Spike_H69del,NSP3_G489S,Spike_L24del,NSP4_T327I,Spike_S373P,Spike_N969K,Spike_H655Y,N_R203K,Spike_V213G,Spike_G142D,Spike_A27S,Spike_Q954H,N_P13L,Spike_N501Y,Spike_P25del,N_R32del,NS3_T223I,M_Q19E,Spike_N440K,NSP4_T492I,NSP1_R24C,M_D3N,Spike_N679K,Spike_N764K,NSP6_G107del,Spike_Y505H,Spike_D796Y,N_G204R,Spike_T478K,N_S413R,M_A63T,Spike_S371F,Spike_K417N,NSP13_R392C,Spike_F486V,Spike_T376A,NSP6_S106del,NSP13_T127N,Spike_G339D,Spike_R408S,NSP14_I42V,NSP4_L264F,Spike_P681H,NSP3_T24I,N_S33del,NSP1_S135R,Spike_S375F,Spike_D405N,Spike_Q498R,Spike_S477N,N_E31del,NSP3_R352C,NSP15_T112I,NSP6_F108del,Spike_E484A,NSP1_K47N,E_T9I,Spike_V70del,Spike_P26del,NSP12_P323L,Spike_D614G,Spike_L452R)
hCoV-19/Ireland/DL-NVRL-S22IRL00438817/2022	EPI_ISL_15081037	2022-08-31	Europe / Ireland / Donegal	Human			Male	85+	unknown		Original	Oro-Nasopharyngeal swab		BA.5.2.2	GRA	(NSP5_P132H,Spike_H69del,NSP3_G489S,Spike_L24del,NSP4_T327I,Spike_S373P,Spike_N969K,Spike_H655Y,N_R203K,Spike_V213G,Spike_G142D,Spike_A27S,Spike_Q954H,N_P13L,N_F307L,Spike_N501Y,Spike_P25del,N_R32del,NS3_T223I,M_Q19E,Spike_N440K,NSP4_T492I,M_D3N,Spike_N679K,Spike_N764K,NSP3_N1680H,NSP6_G107del,Spike_Y505H,Spike_R346I,Spike_D796Y,N_G204R,Spike_T478K,M_A63T,Spike_S371F,Spike_K417N,NSP13_R392C,Spike_F486V,Spike_T376A,NSP6_S106del,NSP13_T127N,Spike_G339D,Spike_R408S,NSP14_I42V,NSP4_L264F,Spike_P681H,NSP3_T24I,N_S33del,NSP1_S135R,Spike_S375F,Spike_D405N,Spike_Q498R,Spike_S477N,N_E31del,NSP15_T112I,NSP6_F108del,Spike_E484A,E_T9I,Spike_V70del,Spike_P26del,NSP15_G246S,NSP12_P323L,Spike_D614G,Spike_L452R)
hCoV-19/Ireland/KE-NVRL-S22IRL00439011/2022	EPI_ISL_15081066	2022-08-31	Europe / Ireland / Kildare	Human			Female	71-80	unknown		Original	Oro-Nasopharyngeal swab		BA.5	GRA	(NSP5_P132H,Spike_H69del,NSP3_G489S,Spike_L24del,NSP4_T327I,Spike_S373P,Spike_N969K,Spike_H655Y,N_R203K,Spike_V213G,Spike_G142D,Spike_A27S,Spike_Q954H,N_P13L,Spike_N501Y,Spike_P25del,N_R32del,NS3_T223I,M_Q19E,Spike_N440K,NSP4_T492I,M_D3N,Spike_N679K,Spike_N764K,NSP6_G107del,Spike_Y505H,NSP16_L272S,Spike_D796Y,N_G204R,Spike_T478K,N_S413R,M_A63T,Spike_S371F,Spike_K417N,NSP13_R392C,Spike_F486V,Spike_T376A,NSP6_S106del,Spike_G339D,Spike_R408S,NSP12_L829F,NSP14_I42V,NSP4_L264F,Spike_P681H,NSP3_T24I,N_S33del,NSP1_S135R,Spike_S375F,Spike_D405N,NSP1_F143del,Spike_Q498R,Spike_S477N,NSP1_K141del,N_E31del,NSP1_S142del,NSP15_T112I,NSP6_F108del,Spike_E484A,E_T9I,Spike_V70del,Spike_P26del,NSP12_P323L,Spike_D614G,Spike_L452R)
hCoV-19/Ireland/KE-NVRL-S22IRL00437826/2022	EPI_ISL_15081067	2022-08-25	Europe / Ireland / Kildare	Human			Female	21-30	unknown		Original	Oro-Nasopharyngeal swab		BA.5.1	GRA	(NSP5_P132H,Spike_H69del,NSP3_G489S,Spike_L24del,N_K248N,NSP4_T327I,Spike_S373P,Spike_N969K,Spike_H655Y,N_R203K,Spike_V213G,Spike_G142D,Spike_A27S,Spike_Q954H,N_P13L,Spike_N501Y,Spike_P25del,N_R32del,NS3_T223I,M_Q19E,Spike_N440K,NSP4_T492I,M_D3N,Spike_N679K,Spike_N764K,NS3_L52F,NSP6_G107del,Spike_Y505H,Spike_D796Y,NSP3_N263S,N_G204R,Spike_T478K,N_S413R,M_A63T,Spike_S371F,Spike_K417N,NSP13_R392C,Spike_F486V,Spike_T376A,NSP6_S106del,Spike_G339D,Spike_R408S,NSP14_I42V,Spike_P681H,NSP4_L264F,NSP3_T24I,N_S33del,NSP1_S135R,Spike_S375F,Spike_D405N,Spike_Q498R,Spike_S477N,N_E31del,NSP15_T112I,NSP6_F108del,Spike_E484A,E_T9I,Spike_V70del,Spike_P26del,NSP12_P323L,Spike_D614G,Spike_L452R)
hCoV-19/Ireland/KE-NVRL-S22IRL00437825/2022	EPI_ISL_15081069	2022-08-25	Europe / Ireland / Kildare	Human			Female	41-50	unknown		Original	Oro-Nasopharyngeal swab		BA.5.1	GRA	(NSP5_P132H,Spike_H69del,NSP3_G489S,Spike_L24del,NSP4_T327I,Spike_S373P,Spike_N969K,Spike_H655Y,N_R203K,Spike_V213G,Spike_G142D,Spike_A27S,Spike_Q954H,N_P13L,Spike_N501Y,Spike_P25del,N_R32del,NS3_T223I,M_Q19E,Spike_N440K,NSP4_T492I,M_D3N,Spike_N679K,Spike_N764K,NS3_L52F,NSP6_G107del,Spike_Y505H,Spike_D796Y,NSP3_N263S,N_G204R,Spike_T478K,N_S413R,M_A63T,Spike_S371F,Spike_K417N,NSP13_R392C,Spike_F486V,Spike_T376A,NSP6_S106del,Spike_G339D,Spike_R408S,NSP14_I42V,Spike_P681H,NSP4_L264F,NSP3_T24I,N_S33del,NSP1_S135R,Spike_S375F,Spike_D405N,Spike_Q498R,Spike_S477N,N_E31del,NSP15_T112I,NSP6_F108del,Spike_E484A,E_T9I,Spike_V70del,Spike_P26del,NSP12_P323L,Spike_D614G,Spike_L452R)
hCoV-19/Ireland/KE-NVRL-S22IRL00437790/2022	EPI_ISL_15081070	2022-08-25	Europe / Ireland / Kildare	Human			Female	21-30	unknown		Original	Oro-Nasopharyngeal swab		BE.1.1	GRA	(NSP5_P132H,Spike_H69del,NS3_S60F,NSP3_G489S,Spike_L24del,NSP4_T327I,Spike_S373P,Spike_N969K,Spike_H655Y,N_R203K,Spike_V213G,Spike_G142D,Spike_A27S,Spike_Q954H,N_P13L,NSP3_T398I,Spike_N501Y,Spike_P25del,N_R32del,NS3_T223I,M_Q19E,Spike_N440K,NSP4_T492I,N_E136D,M_D3N,Spike_N679K,Spike_N764K,NSP6_G107del,Spike_Y505H,Spike_D796Y,N_G204R,Spike_T478K,N_S413R,NSP6_L260F,M_A63T,NSP2_Q376K,Spike_S371F,Spike_K417N,NSP13_R392C,Spike_F486V,Spike_T376A,NSP6_S106del,Spike_G339D,Spike_R408S,NSP14_I42V,NSP4_L264F,Spike_P681H,NSP13_M233I,NSP3_T24I,N_S33del,NSP1_S135R,Spike_S375F,Spike_D405N,Spike_Q498R,Spike_S477N,N_E31del,NSP15_T112I,NSP6_F108del,Spike_E484A,E_T9I,Spike_V70del,Spike_P26del,NSP12_P323L,Spike_D614G,Spike_L452R)
hCoV-19/Ireland/LK-NVRL-S22IRL00438764/2022	EPI_ISL_15081090	2022-08-31	Europe / Ireland / Limerick	Human			Female	21-30	unknown		Original	Oro-Nasopharyngeal swab		BA.5.6	GRA	(NSP5_P132H,Spike_H69del,NSP3_G489S,Spike_L24del,NSP4_T327I,Spike_S373P,Spike_N969K,Spike_H655Y,N_R203K,Spike_V213G,Spike_G142D,Spike_A27S,Spike_Q954H,N_P13L,Spike_N501Y,Spike_P25del,N_R32del,NS3_T223I,M_Q19E,Spike_N440K,NSP4_T492I,M_D3N,Spike_N679K,Spike_N764K,NSP6_G107del,Spike_Y505H,NS8_A51V,Spike_D796Y,N_G204R,Spike_T478K,N_S413R,M_A63T,NSP16_T140I,NSP4_D217N,NSP14_M315I,Spike_S371F,Spike_K417N,NSP13_R392C,Spike_F486V,Spike_T376A,NSP6_S106del,NSP13_A389V,Spike_G339D,Spike_R408S,NSP14_I42V,NSP4_L264F,Spike_P681H,NSP3_T24I,N_S33del,NSP1_S135R,Spike_S375F,Spike_D405N,Spike_Q498R,Spike_S477N,N_E31del,NSP15_T112I,NSP6_F108del,Spike_E484A,E_T9I,Spike_V70del,Spike_P26del,NSP12_P323L,Spike_D614G,Spike_L452R)
hCoV-19/Ireland/LK-NVRL-S22IRL00438977/2022	EPI_ISL_15081091	2022-08-31	Europe / Ireland / Limerick	Human			Female	31-40	unknown		Original	Oro-Nasopharyngeal swab		BA.5.2	GRA	(NSP5_P132H,Spike_H69del,NSP3_G489S,Spike_L24del,NSP4_T327I,Spike_S373P,Spike_N969K,Spike_H655Y,N_R203K,Spike_V213G,Spike_G142D,NSP16_P7S,Spike_A27S,Spike_Q954H,N_P13L,Spike_N501Y,Spike_P25del,N_R32del,NS3_T223I,M_Q19E,Spike_N440K,NSP4_T492I,M_D3N,Spike_N679K,Spike_N764K,NSP6_G107del,Spike_Y505H,Spike_D796Y,N_G204R,Spike_T478K,N_S413R,M_A63T,Spike_S371F,Spike_K417N,NSP13_R392C,Spike_F486V,Spike_T376A,NSP6_S106del,NSP13_T127N,Spike_G339D,Spike_R408S,NSP14_I42V,NSP4_L264F,Spike_P681H,NSP3_T24I,N_S33del,NSP1_S135R,Spike_S375F,Spike_D405N,Spike_Q498R,Spike_S477N,N_E31del,NSP15_T112I,NSP6_F108del,Spike_E484A,E_T9I,Spike_V70del,Spike_P26del,NSP12_P323L,Spike_D614G,Spike_L452R)
hCoV-19/Ireland/LK-NVRL-S22IRL00436881/2022	EPI_ISL_15081092	2022-08-29	Europe / Ireland / Limerick	Human			Male	41-50	unknown		Original	Oro-Nasopharyngeal swab		BA.5.2	GRA	(NSP5_P132H,Spike_H69del,NSP3_G489S,Spike_L24del,NSP4_T327I,Spike_S373P,Spike_N969K,Spike_H655Y,N_R203K,Spike_V213G,Spike_G142D,NSP16_P7S,Spike_A27S,Spike_Q954H,N_P13L,Spike_N501Y,Spike_P25del,N_R32del,NS3_T223I,M_Q19E,Spike_N440K,NSP4_T492I,M_D3N,Spike_N679K,Spike_N764K,NSP6_G107del,Spike_Y505H,Spike_D796Y,N_G204R,Spike_T478K,N_S413R,M_A63T,Spike_S371F,Spike_K417N,NSP13_R392C,Spike_F486V,Spike_T376A,NSP6_S106del,NSP13_T127N,Spike_G339D,Spike_R408S,NSP14_I42V,NSP4_L264F,Spike_P681H,NSP3_T24I,N_S33del,NSP1_S135R,Spike_S375F,Spike_D405N,Spike_Q498R,Spike_S477N,N_E31del,NSP15_T112I,NSP6_F108del,Spike_E484A,E_T9I,Spike_V70del,Spike_P26del,NSP12_P323L,Spike_D614G,Spike_L452R)
hCoV-19/Ireland/LK-NVRL-S22IRL00437832/2022	EPI_ISL_15081093	2022-08-25	Europe / Ireland / Limerick	Human			Female	41-50	unknown		Original	Oro-Nasopharyngeal swab		BA.5.1	GRA	(NSP5_P132H,Spike_H69del,NSP3_G489S,Spike_L24del,NSP4_T327I,Spike_S373P,Spike_N969K,Spike_H655Y,N_R203K,Spike_V213G,Spike_G142D,Spike_A27S,Spike_Q954H,N_P13L,Spike_N501Y,Spike_P25del,N_R32del,NS3_T223I,M_Q19E,Spike_N440K,NSP4_T492I,M_D3N,Spike_N679K,Spike_N764K,NSP2_V447I,NSP6_G107del,Spike_Y505H,Spike_D796Y,N_G204R,Spike_T478K,N_S413R,M_A63T,Spike_S371F,Spike_K417N,NSP13_R392C,Spike_F486V,Spike_T376A,NSP6_S106del,Spike_G339D,Spike_R408S,NSP14_I42V,NSP4_L264F,Spike_P681H,NSP3_T24I,N_S33del,NSP1_S135R,Spike_S375F,Spike_D405N,Spike_Q498R,Spike_S477N,N_E31del,NSP15_T112I,NSP6_F108del,Spike_E484A,E_T9I,Spike_V70del,Spike_P26del,NSP12_P323L,Spike_D614G,Spike_L452R,NSP13_A18V)
hCoV-19/Ireland/LK-NVRL-S22IRL00437858/2022	EPI_ISL_15081094	2022-08-25	Europe / Ireland / Limerick	Human			Male	unknown	unknown		Original	Oro-Nasopharyngeal swab		BA.5.1.5	GRA	(NSP5_P132H,Spike_H69del,NSP3_G489S,Spike_L24del,NSP4_T327I,Spike_S373P,Spike_N969K,Spike_H655Y,N_R203K,Spike_V213G,Spike_G142D,Spike_A27S,Spike_Q954H,N_P13L,Spike_N501Y,Spike_P25del,N_R32del,NS3_T223I,M_Q19E,Spike_N440K,NSP4_T492I,M_D3N,Spike_N679K,Spike_N764K,NSP6_G107del,Spike_Y505H,Spike_D796Y,N_G204R,Spike_T478K,N_S413R,M_A63T,Spike_S371F,Spike_K417N,NSP13_R392C,Spike_F486V,Spike_T376A,NSP6_S106del,Spike_G339D,Spike_R408S,NSP14_I42V,NSP4_L264F,Spike_P681H,NSP3_T24I,N_S33del,NSP1_S135R,Spike_S375F,Spike_D405N,Spike_Q498R,Spike_S477N,Spike_P1263Q,N_E31del,NSP15_T112I,NSP6_F108del,Spike_E484A,E_T9I,Spike_V70del,Spike_P26del,NSP3_T686N,NSP12_P323L,Spike_D614G,Spike_L452R)
hCoV-19/Ireland/LK-NVRL-S22IRL00437818/2022	EPI_ISL_15081097	2022-08-25	Europe / Ireland / Limerick	Human			Female	41-50	unknown		Original	Oro-Nasopharyngeal swab		BF.4	GRA	(NSP5_P132H,Spike_H69del,NSP3_G489S,Spike_L24del,NSP4_T327I,Spike_S373P,Spike_N969K,Spike_H655Y,N_R203K,Spike_V213G,Spike_G142D,Spike_A27S,Spike_Q954H,N_P13L,Spike_N501Y,Spike_P25del,N_R32del,NS3_T223I,M_Q19E,Spike_N440K,NSP4_T492I,M_D3N,Spike_N679K,Spike_N764K,NSP6_G107del,Spike_Y505H,Spike_D796Y,N_G204R,Spike_T478K,N_S413R,M_A63T,Spike_S371F,Spike_K417N,NSP13_R392C,Spike_F486V,Spike_T376A,NSP6_S106del,Spike_G339D,Spike_R408S,NS3_E266K,NSP14_I42V,Spike_P681H,NSP4_L264F,NSP3_T24I,N_S33del,NSP1_S135R,Spike_S375F,Spike_D405N,Spike_Q498R,Spike_S477N,N_E31del,NSP15_T112I,NSP6_F108del,Spike_E484A,E_T9I,Spike_V70del,Spike_P26del,NSP12_P323L,Spike_D614G,Spike_T259A,Spike_L452R)
hCoV-19/Ireland/MH-NVRL-S22IRL00437752/2022	EPI_ISL_15081118	2022-08-25	Europe / Ireland / Meath	Human			Male	41-50	unknown		Original	Oro-Nasopharyngeal swab		BA.5.1	GRA	(NSP5_P132H,Spike_H69del,NSP3_G489S,Spike_L24del,NSP4_T327I,Spike_S373P,Spike_N969K,Spike_H655Y,N_R203K,Spike_V213G,Spike_G142D,Spike_A27S,Spike_Q954H,N_P13L,Spike_N501Y,Spike_P25del,N_R32del,NS3_T223I,M_Q19E,Spike_N440K,NSP4_T492I,M_D3N,Spike_N679K,Spike_N764K,NSP6_G107del,Spike_Y505H,NSP3_D135Y,Spike_D796Y,N_G204R,Spike_T478K,N_S413R,M_A63T,N_D63Y,Spike_S371F,Spike_K417N,NSP13_R392C,Spike_F486V,Spike_T376A,NSP6_S106del,Spike_G339D,Spike_R408S,NSP14_I42V,Spike_P681H,NSP4_L264F,NSP3_T24I,N_S33del,NSP1_S135R,Spike_S375F,Spike_D405N,Spike_Q498R,Spike_S477N,N_E31del,NSP15_T112I,NSP6_F108del,Spike_E484A,E_T9I,Spike_V70del,Spike_P26del,NSP12_P323L,Spike_D614G,Spike_L452R)
hCoV-19/Ireland/OY-NVRL-S22IRL00437507/2022	EPI_ISL_15081132	2022-08-25	Europe / Ireland / Offaly	Human			Female	21-30	unknown		Original	Oro-Nasopharyngeal swab		BE.1.1	GRA	(NSP5_P132H,Spike_H69del,Spike_L176F,NSP3_G489S,Spike_L24del,NSP4_T327I,Spike_S373P,Spike_N969K,Spike_H655Y,N_R203K,Spike_V213G,Spike_G142D,Spike_A27S,Spike_Q954H,N_P13L,Spike_N501Y,Spike_P25del,N_R32del,NS3_T223I,M_A2V,M_Q19E,NSP2_A174V,Spike_N440K,NSP4_T492I,N_E136D,M_D3N,Spike_N679K,Spike_N764K,NSP6_G107del,Spike_Y505H,Spike_D796Y,N_G204R,Spike_T478K,N_S413R,NSP6_L260F,M_A63T,NS7a_K117R,NSP2_Q376K,Spike_S371F,Spike_K417N,NSP13_R392C,Spike_F486V,Spike_T376A,NSP6_S106del,Spike_G339D,Spike_R408S,NSP14_I42V,NSP4_L264F,Spike_P681H,NSP13_M233I,NSP3_T24I,N_S33del,NSP1_S135R,Spike_S375F,Spike_D405N,Spike_Q498R,Spike_S477N,N_E31del,NSP15_T112I,NSP6_F108del,Spike_E484A,E_T9I,Spike_V70del,Spike_P26del,NSP12_P323L,Spike_D614G,Spike_L452R)
hCoV-19/Ireland/RN-NVRL-S22IRL00436910/2022	EPI_ISL_15081135	2022-08-29	Europe / Ireland / Roscommon	Human			Male	81-90	unknown		Original	Oro-Nasopharyngeal swab		BA.5.2	GRA	(NSP5_P132H,Spike_H69del,NSP3_G489S,Spike_L24del,NSP4_T327I,Spike_S373P,Spike_N969K,Spike_H655Y,N_R203K,Spike_V213G,Spike_G142D,Spike_A27S,Spike_Q954H,N_P13L,Spike_N501Y,Spike_P25del,N_R32del,NS3_T223I,M_Q19E,Spike_N440K,NSP4_T492I,M_D3N,Spike_N679K,Spike_N764K,NSP6_G107del,Spike_Y505H,Spike_D796Y,N_G204R,Spike_T478K,N_S413R,M_A63T,Spike_S371F,Spike_K417N,NSP13_R392C,Spike_F486V,Spike_T376A,NSP6_S106del,NSP13_T127N,Spike_G339D,Spike_R408S,NSP14_I42V,Spike_P681H,NSP4_L264F,NSP3_T24I,N_S33del,NSP1_S135R,Spike_S375F,Spike_D405N,Spike_Q498R,Spike_S477N,N_E31del,NSP15_T112I,NSP6_F108del,Spike_E484A,E_T9I,Spike_V70del,Spike_P26del,NSP12_P323L,Spike_D614G,Spike_L452R)
hCoV-19/Ireland/SO-NVRL-S22IRL00439003/2022	EPI_ISL_15081140	2022-08-31	Europe / Ireland / Sligo	Human			Female	41-50	unknown		Original	Oro-Nasopharyngeal swab		BA.5.2	GRA	(NSP5_P132H,Spike_H69del,NSP3_G489S,Spike_L24del,NSP4_T327I,Spike_S373P,Spike_N969K,Spike_H655Y,N_R203K,Spike_V213G,Spike_G142D,Spike_A27S,Spike_Q954H,N_P13L,Spike_N501Y,Spike_P25del,N_R32del,NS3_T223I,M_Q19E,Spike_N440K,NSP4_T492I,M_D3N,Spike_N679K,Spike_N764K,NSP12_D499E,NSP6_G107del,Spike_Y505H,Spike_D796Y,N_G204R,Spike_T478K,N_S413R,M_A63T,Spike_S371F,Spike_K417N,NSP13_R392C,Spike_F486V,Spike_T376A,NSP6_S106del,NSP13_T127N,Spike_G339D,Spike_R408S,NSP14_I42V,NSP4_L264F,Spike_P681H,NSP3_T24I,N_S33del,NSP1_S135R,Spike_S375F,Spike_D405N,Spike_Q498R,Spike_S477N,N_E31del,NSP15_T112I,NSP6_F108del,Spike_E484A,E_T9I,Spike_V70del,Spike_P26del,NSP12_P323L,Spike_D614G,Spike_L452R)
hCoV-19/Ireland/SO-NVRL-S22IRL00438858/2022	EPI_ISL_15081141	2022-08-31	Europe / Ireland / Sligo	Human			Male	21-30	unknown		Original	Oro-Nasopharyngeal swab		BA.5.2	GRA	(NSP5_P132H,Spike_H69del,NSP3_G489S,Spike_L24del,NSP4_T327I,Spike_S373P,Spike_N969K,Spike_H655Y,N_R203K,Spike_V213G,Spike_G142D,NSP3_E177D,Spike_A27S,Spike_Q954H,N_P13L,Spike_N501Y,Spike_P25del,N_R32del,NS3_T223I,M_Q19E,Spike_N440K,NSP4_T492I,M_D3N,Spike_N679K,Spike_N764K,NSP6_G107del,Spike_Y505H,Spike_D796Y,N_G204R,Spike_T478K,N_S413R,M_A63T,Spike_S71C,Spike_S371F,Spike_K417N,NSP13_R392C,Spike_F486V,Spike_T376A,NSP6_S106del,NSP13_T127N,Spike_G339D,Spike_R408S,NSP14_I42V,NSP4_L264F,Spike_P681H,NSP3_T24I,N_S33del,NSP1_S135R,Spike_S375F,Spike_D405N,Spike_Q498R,Spike_S477N,N_E31del,NSP15_T112I,NSP6_F108del,Spike_E484A,E_T9I,Spike_V70del,Spike_P26del,NSP12_P323L,Spike_D614G,Spike_L452R)
hCoV-19/Ireland/TA-NVRL-S22IRL00436882/2022	EPI_ISL_15081151	2022-08-29	Europe / Ireland / Tipperary	Human			Male	51-60	unknown		Original	Oro-Nasopharyngeal swab		BA.5.5	GRA	(NSP5_P132H,Spike_H69del,NSP3_G489S,Spike_L24del,NSP4_T327I,Spike_S373P,Spike_N969K,Spike_H655Y,N_R203K,Spike_V213G,Spike_G142D,Spike_A27S,Spike_Q954H,NS7b_I26V,N_P13L,Spike_N501Y,Spike_P25del,NS8_S67del,N_R32del,NS3_T223I,M_Q19E,Spike_N440K,NSP4_T492I,M_D3N,Spike_N679K,Spike_N764K,NSP6_G107del,Spike_Y505H,Spike_D796Y,N_G204R,Spike_T478K,N_S413R,M_A63T,Spike_T76I,Spike_S371F,Spike_K417N,NSP13_R392C,Spike_F486V,Spike_T376A,NSP6_S106del,Spike_G339D,Spike_R408S,NSP14_I42V,Spike_P681H,NSP4_L264F,NSP3_T24I,N_S33del,NSP1_S135R,Spike_S375F,Spike_D405N,Spike_Q498R,Spike_S477N,N_L167F,NS8_K68E,N_E31del,NSP15_T112I,NSP6_F108del,NS8_G66del,Spike_E484A,E_T9I,Spike_V70del,Spike_P26del,NSP12_P323L,Spike_D614G,Spike_L452R)
hCoV-19/Ireland/TA-NVRL-S22IRL00437929/2022	EPI_ISL_15081152	2022-08-25	Europe / Ireland / Tipperary	Human			Female	51-60	unknown		Original	Oro-Nasopharyngeal swab		BA.5.2	GRA	(NSP5_P132H,Spike_H69del,NSP3_G489S,Spike_L24del,NSP4_T327I,Spike_S373P,Spike_N969K,Spike_H655Y,N_R203K,Spike_V213G,Spike_G142D,Spike_A27S,Spike_Q954H,N_P13L,Spike_N501Y,Spike_P25del,N_R32del,NS3_T223I,M_Q19E,Spike_N440K,NSP4_T492I,NSP12_M629I,M_D3N,Spike_N679K,Spike_N764K,NSP6_G107del,Spike_Y505H,Spike_D796Y,N_G204R,Spike_T478K,NSP3_H1841Y,N_S413R,M_A63T,Spike_S371F,Spike_K417N,NSP13_R392C,Spike_F486V,Spike_T376A,NSP6_S106del,Spike_G339D,Spike_R408S,NSP14_I42V,NSP4_L264F,Spike_P681H,NSP3_T24I,N_S33del,NSP1_S135R,Spike_S375F,Spike_D138N,Spike_D405N,Spike_Q498R,Spike_S477N,N_E31del,NSP15_T112I,NSP6_F108del,Spike_E484A,E_T9I,Spike_V70del,Spike_P26del,NSP12_P323L,Spike_D614G,Spike_L452R)
hCoV-19/Ireland/TA-NVRL-S22IRL00437799/2022	EPI_ISL_15081153	2022-08-25	Europe / Ireland / Tipperary	Human			Male	71-80	unknown		Original	Oro-Nasopharyngeal swab		BA.5.2	GRA	(NSP5_P132H,NS7a_C23F,NS7b_E39stop,Spike_H69del,NSP3_G489S,Spike_L24del,NSP4_T327I,Spike_S373P,Spike_N969K,Spike_H655Y,N_R203K,Spike_V213G,Spike_G142D,Spike_A27S,Spike_Q954H,N_P13L,Spike_N501Y,Spike_P25del,N_R32del,NS3_T223I,M_Q19E,Spike_N440K,NSP4_T492I,M_D3N,Spike_N679K,Spike_N764K,NSP6_G107del,Spike_Y505H,Spike_D796Y,N_G204R,Spike_T478K,N_S413R,M_A63T,Spike_S371F,Spike_K417N,NSP13_R392C,Spike_F486V,Spike_T376A,NSP6_S106del,Spike_G339D,Spike_R408S,NSP14_I42V,Spike_P681H,NSP4_L264F,NSP3_T24I,N_S33del,NSP1_S135R,Spike_S375F,Spike_D405N,Spike_Q498R,Spike_S477N,N_E31del,NSP15_T112I,NSP6_F108del,Spike_E484A,E_T9I,Spike_V70del,Spike_P26del,NSP12_P323L,Spike_D614G,Spike_L452R)
hCoV-19/Ireland/TA-NVRL-S22IRL00437882/2022	EPI_ISL_15081154	2022-08-25	Europe / Ireland / Tipperary	Human			Male	51-60	unknown		Original	Oro-Nasopharyngeal swab		BF.5	GRA	(NSP5_P132H,Spike_H69del,NSP3_G489S,Spike_L24del,NSP4_T327I,Spike_S373P,Spike_N969K,Spike_H655Y,N_R203K,Spike_V213G,Spike_G142D,Spike_A27S,Spike_Q954H,N_P13L,Spike_N501Y,Spike_P25del,N_R32del,NS3_T223I,M_Q19E,Spike_N440K,NSP4_T492I,M_D3N,Spike_N679K,Spike_N764K,NSP6_G107del,Spike_Y505H,NS7a_H47Y,Spike_D796Y,N_G204R,Spike_T478K,N_S413R,M_A63T,Spike_S371F,Spike_K417N,NSP13_R392C,Spike_F486V,Spike_T376A,NSP6_S106del,Spike_G339D,Spike_R408S,NSP14_I42V,Spike_P681H,NSP4_L264F,NSP3_T24I,N_S33del,NSP1_S135R,Spike_S375F,Spike_D405N,Spike_Q498R,Spike_S477N,N_E31del,NSP15_T112I,NSP6_F108del,Spike_E484A,E_T9I,Spike_V70del,Spike_A1020S,Spike_P26del,NSP12_P323L,Spike_D614G,Spike_L452R)
hCoV-19/Ireland/WD-NVRL-S22IRL00438226/2022	EPI_ISL_15081167	2022-08-29	Europe / Ireland / Waterford	Human			Female	21-30	unknown		Original	Oro-Nasopharyngeal swab		BE.1.1	GRA	(NSP5_P132H,Spike_H69del,NSP3_G489S,Spike_L24del,NSP4_T327I,Spike_S373P,Spike_N969K,Spike_H655Y,N_R203K,Spike_V213G,Spike_G142D,Spike_A27S,Spike_Q954H,N_P13L,Spike_N501Y,Spike_P25del,N_R32del,NS3_T223I,M_Q19E,Spike_N440K,NSP4_T492I,N_E136D,M_D3N,Spike_N679K,Spike_N764K,NSP6_G107del,Spike_Y505H,Spike_D796Y,N_G204R,Spike_T478K,N_S413R,NSP6_L260F,M_A63T,NSP2_Q376K,Spike_S371F,Spike_K417N,NSP13_R392C,Spike_F486V,Spike_T376A,NSP6_S106del,Spike_E309Q,Spike_G339D,Spike_R408S,NSP14_I42V,NSP4_L264F,Spike_P681H,NSP13_M233I,NSP3_T24I,N_S33del,NSP1_S135R,Spike_S375F,Spike_D405N,Spike_Q498R,Spike_S477N,N_E31del,NSP15_T112I,NSP6_F108del,Spike_E484A,E_T9I,Spike_V70del,Spike_P26del,NSP12_P323L,Spike_D614G,Spike_L452R)
hCoV-19/Ireland/WW-NVRL-S22IRL00438083/2022	EPI_ISL_15081178	2022-08-29	Europe / Ireland / Wicklow	Human			Male	71-80	unknown		Original	Oro-Nasopharyngeal swab		BA.5.2.1	GRA	(NSP5_P132H,Spike_H69del,NSP3_G489S,Spike_L24del,NSP4_T327I,Spike_S373P,Spike_N969K,Spike_H655Y,N_R203K,Spike_V213G,Spike_G142D,Spike_A27S,Spike_Q954H,N_P13L,Spike_N501Y,Spike_P25del,N_R32del,NS3_T223I,M_Q19E,Spike_N440K,NSP4_T492I,M_D3N,Spike_N679K,Spike_N764K,NSP6_G107del,Spike_Y505H,Spike_D796Y,N_G204R,Spike_T478K,N_S413R,NSP2_K347R,M_A63T,Spike_S371F,Spike_K417N,NSP13_R392C,Spike_F486V,Spike_T376A,NSP6_S106del,Spike_G339D,N_Q241K,Spike_R408S,NSP14_I42V,Spike_P681H,NSP4_L264F,NSP3_T24I,N_S33del,NSP1_S135R,Spike_S375F,Spike_D405N,Spike_Q498R,Spike_S477N,N_E31del,NSP15_T112I,NSP6_F108del,Spike_E484A,E_T9I,Spike_V70del,Spike_P26del,NSP12_P323L,Spike_D614G,Spike_L452R)
hCoV-19/Ireland/WW-NVRL-S22IRL00438334/2022	EPI_ISL_15081179	2022-08-29	Europe / Ireland / Wicklow	Human			Female	71-80	unknown		Original	Oro-Nasopharyngeal swab		BA.5.1	GRA	(NSP5_P132H,Spike_H69del,NSP3_G489S,Spike_L24del,NSP4_T327I,Spike_S373P,Spike_N969K,Spike_H655Y,N_R203K,Spike_V213G,Spike_G142D,Spike_A27S,Spike_Q954H,N_P13L,Spike_N501Y,Spike_P25del,N_R32del,NS3_T223I,M_Q19E,Spike_N440K,NSP4_T492I,M_D3N,Spike_N679K,Spike_N764K,NSP6_G107del,Spike_Y505H,Spike_D796Y,N_G204R,Spike_T478K,N_S413R,M_A63T,NSP13_S74P,Spike_S371F,Spike_K417N,NSP13_R392C,NSP2_A249S,Spike_F486V,Spike_T376A,NSP6_S106del,Spike_G339D,Spike_R408S,NSP14_I42V,NSP4_L264F,Spike_P681H,NSP3_T24I,N_S33del,NSP1_S135R,Spike_S375F,Spike_D405N,Spike_Q498R,NSP3_T626A,Spike_S477N,N_E31del,NSP15_T112I,NSP6_F108del,Spike_E484A,E_T9I,Spike_V70del,Spike_P26del,NSP12_P323L,Spike_D614G,N_A398V,Spike_L452R)
hCoV-19/Ireland/WW-NVRL-S22IRL00437811/2022	EPI_ISL_15081180	2022-08-25	Europe / Ireland / Wicklow	Human			Female	51-60	unknown		Original	Oro-Nasopharyngeal swab		BA.5.2.1	GRA	(NSP5_P132H,Spike_H69del,NSP3_G489S,Spike_L24del,NSP4_T327I,Spike_S373P,Spike_N969K,Spike_H655Y,N_R203K,Spike_V213G,Spike_G142D,NSP1_P80T,Spike_A27S,Spike_Q954H,N_P13L,Spike_N501Y,Spike_P25del,N_R32del,NS3_T223I,M_Q19E,Spike_S98F,Spike_N440K,NSP4_T492I,M_D3N,Spike_N679K,Spike_N764K,NSP6_G107del,Spike_Y505H,Spike_D796Y,N_G204R,Spike_T478K,N_S413R,M_A63T,Spike_S371F,Spike_K417N,NSP13_R392C,Spike_F486V,Spike_T376A,NSP6_S106del,NSP1_I71N,Spike_G339D,Spike_R408S,NSP14_I42V,Spike_P681H,NSP4_L264F,NSP3_T24I,N_S33del,NSP1_S135R,Spike_S375F,Spike_D405N,Spike_Q498R,Spike_S477N,N_E31del,NSP15_T112I,NSP6_F108del,Spike_E484A,E_T9I,Spike_V70del,Spike_P26del,NSP12_P323L,Spike_D614G,Spike_L452R)
hCoV-19/Ireland/WW-NVRL-S22IRL00437791/2022	EPI_ISL_15081181	2022-08-25	Europe / Ireland / Wicklow	Human			Female	31-40	unknown		Original	Oro-Nasopharyngeal swab		BA.5.1	GRA	(NSP5_P132H,Spike_H69del,NSP3_G489S,Spike_L24del,NSP4_T327I,Spike_S373P,Spike_N969K,Spike_H655Y,N_R203K,Spike_V213G,Spike_G142D,Spike_A27S,Spike_Q954H,N_P13L,Spike_N501Y,Spike_P25del,N_R32del,NS3_T223I,NSP2_S122F,M_Q19E,Spike_N440K,NSP4_T492I,M_D3N,Spike_N679K,Spike_N764K,NSP6_G107del,Spike_Y505H,Spike_D796Y,N_G204R,Spike_T478K,N_S413R,M_A63T,Spike_S371F,Spike_K417N,NSP13_R392C,Spike_F486V,Spike_T376A,NSP6_S106del,Spike_G339D,Spike_R408S,NSP14_I42V,NSP4_L264F,Spike_P681H,NSP3_T24I,N_S33del,NSP1_S135R,Spike_S375F,Spike_D405N,Spike_Q498R,Spike_S477N,N_E31del,NSP15_T112I,NSP6_F108del,Spike_E484A,E_T9I,Spike_V70del,Spike_P26del,NSP12_P323L,Spike_D614G,NSP4_T60I,Spike_L452R)
hCoV-19/Ireland/WW-NVRL-S22IRL00437817/2022	EPI_ISL_15081182	2022-08-25	Europe / Ireland / Wicklow	Human			Female	61-70	unknown		Original	Oro-Nasopharyngeal swab		BA.5.2.1	GRA	(NSP5_P132H,Spike_H69del,NSP3_G489S,Spike_L24del,NSP4_T327I,Spike_S373P,Spike_N969K,Spike_H655Y,N_R203K,Spike_V213G,Spike_G142D,Spike_A27S,Spike_Q954H,N_P13L,Spike_N501Y,Spike_P25del,N_R32del,NS3_T223I,M_Q19E,Spike_N440K,NSP4_T492I,M_D3N,Spike_N679K,Spike_N764K,NSP6_G107del,Spike_Y505H,Spike_D796Y,N_G204R,Spike_T478K,N_S413R,M_A63T,Spike_S371F,Spike_K417N,NSP13_R392C,Spike_F486V,Spike_T376A,NSP6_S106del,Spike_G339D,Spike_R408S,NSP14_I42V,Spike_P681H,NSP4_L264F,NSP3_T24I,N_S33del,NSP1_S135R,Spike_S375F,Spike_D405N,Spike_Q498R,Spike_S477N,N_E31del,NSP15_T112I,NSP6_F108del,Spike_E484A,E_T9I,Spike_V70del,Spike_P26del,NSP12_P323L,Spike_D614G,Spike_L452R)
hCoV-19/Ireland/WW-NVRL-S22IRL00437864/2022	EPI_ISL_15081184	2022-08-25	Europe / Ireland / Wicklow	Human			Female	21-30	unknown		Original	Oro-Nasopharyngeal swab		BA.5.2	GRA	(NSP5_P132H,Spike_H69del,NSP3_G489S,Spike_L24del,NSP4_T327I,Spike_S373P,Spike_N969K,Spike_H655Y,N_R203K,Spike_V213G,Spike_G142D,NSP6_I49V,Spike_A27S,Spike_Q954H,N_P13L,Spike_N501Y,Spike_P25del,N_R32del,NS3_T223I,M_Q19E,Spike_N440K,NSP4_T492I,M_D3N,Spike_N679K,Spike_N764K,NSP6_G107del,Spike_Y505H,Spike_D796Y,N_G204R,Spike_T478K,N_S413R,M_A63T,N_Q389H,Spike_S371F,Spike_K417N,NSP13_R392C,Spike_F486V,Spike_T376A,NSP6_S106del,NSP13_T127N,Spike_G339D,Spike_R408S,NSP14_I42V,NSP4_L264F,Spike_P681H,NSP3_T24I,N_S33del,NSP1_S135R,Spike_S375F,Spike_D405N,Spike_Q498R,Spike_S477N,N_E31del,NSP15_T112I,NSP6_F108del,Spike_E484A,E_T9I,Spike_V70del,Spike_P26del,NSP12_P323L,Spike_D614G,Spike_L452R)
hCoV-19/Ireland/WW-NVRL-S22IRL00437792/2022	EPI_ISL_15081185	2022-08-25	Europe / Ireland / Wicklow	Human			Female	31-40	unknown		Original	Oro-Nasopharyngeal swab		BA.5.1	GRA	(NSP5_P132H,Spike_H69del,NSP3_G489S,Spike_L24del,NSP4_T327I,Spike_S373P,Spike_N969K,Spike_H655Y,N_R203K,Spike_V213G,Spike_G142D,Spike_A27S,Spike_Q954H,N_P13L,Spike_N501Y,Spike_P25del,N_R32del,NS3_T223I,NSP2_S122F,M_Q19E,Spike_N440K,NSP4_T492I,M_D3N,Spike_N679K,Spike_N764K,NSP6_G107del,Spike_Y505H,Spike_D796Y,N_G204R,Spike_T478K,N_S413R,M_A63T,Spike_S371F,Spike_K417N,NSP13_R392C,Spike_F486V,Spike_T376A,NSP6_S106del,Spike_G339D,Spike_R408S,NSP14_I42V,NSP4_L264F,Spike_P681H,NSP3_T24I,N_S33del,NSP1_S135R,Spike_S375F,Spike_D405N,Spike_Q498R,Spike_S477N,N_E31del,NSP15_T112I,NSP6_F108del,Spike_E484A,E_T9I,Spike_V70del,Spike_P26del,NSP12_P323L,Spike_D614G,NSP4_T60I,Spike_L452R)
hCoV-19/Ireland/WX-NVRL-S22IRL00438560/2022	EPI_ISL_15081190	2022-08-31	Europe / Ireland / Wexford	Human			Female	41-50	unknown		Original	Oro-Nasopharyngeal swab		BA.5.2	GRA	(NSP5_P132H,Spike_H69del,NSP3_G489S,Spike_L24del,NSP4_T327I,Spike_S373P,Spike_N969K,Spike_H655Y,N_R203K,Spike_V213G,Spike_G142D,Spike_A27S,Spike_Q954H,N_P13L,Spike_N501Y,Spike_P25del,N_R32del,NS3_T223I,M_Q19E,Spike_N440K,NSP4_T492I,M_D3N,Spike_N679K,Spike_N764K,NSP6_G107del,Spike_Y505H,Spike_D796Y,N_G204R,Spike_T478K,N_S413R,M_A63T,Spike_S371F,Spike_K417N,NSP13_R392C,Spike_F486V,Spike_T376A,NSP6_S106del,NSP13_T127N,Spike_G339D,Spike_R408S,NSP14_I42V,NSP4_L264F,Spike_P681H,NSP3_T24I,N_S33del,NSP1_S135R,Spike_S375F,Spike_D405N,Spike_Q498R,Spike_S477N,N_E31del,NSP15_T112I,NSP6_F108del,Spike_E484A,E_T9I,Spike_V70del,NSP3_I1514V,Spike_P26del,NSP12_P323L,Spike_D614G,Spike_L452R)
